"district"	"Glofas_st"	"thr_stat"	"thr"	"floods"	"floods_correct"	"floods_incorrect"	"protocol_triggered"	"triggered_in_vain"	"detection_ratio"	"false_alarm_ratio"
"1"	"KE0030130063"	"KEGVS11"	"q95"	317.885	5	2	3	11	9	0.4	0.82
"1"	"KE0030130063"	"KEGVS10"	"q95"	6.782711	5	4	1	12	8	0.8	0.67
"1"	"KE0030130063"	"KEGVS10"	"rl2"	30.8739757537842	5	1	4	3	2	0.2	0.67
"1"	"KE0030130063"	"KEGVS10"	"rl5"	59.4386291503906	5	1	4	1	0	0.2	0
"1"	"KE0030130064"	"KEGVS11"	"q95"	317.885	5	2	3	11	9	0.4	0.82
"1"	"KE0030130064"	"KEGVS10"	"q95"	6.782711	5	4	1	12	8	0.8	0.67
"1"	"KE0030130064"	"KEGVS10"	"rl2"	30.8739757537842	5	1	4	3	2	0.2	0.67
"1"	"KE0030130064"	"KEGVS10"	"rl5"	59.4386291503906	5	1	4	1	0	0.2	0
"1"	"KE0030130065"	"KEGVS11"	"q95"	317.885	5	2	3	11	9	0.4	0.82
"1"	"KE0030130065"	"KEGVS10"	"q95"	6.782711	5	4	1	12	8	0.8	0.67
"1"	"KE0030130065"	"KEGVS10"	"rl2"	30.8739757537842	5	1	4	3	2	0.2	0.67
"1"	"KE0030130065"	"KEGVS10"	"rl5"	59.4386291503906	5	1	4	1	0	0.2	0
"1"	"KE0030130066"	"KEGVS11"	"q95"	317.885	5	2	3	11	9	0.4	0.82
"1"	"KE0030130066"	"KEGVS10"	"q95"	6.782711	5	4	1	12	8	0.8	0.67
"1"	"KE0030130066"	"KEGVS10"	"rl2"	30.8739757537842	5	1	4	3	2	0.2	0.67
"1"	"KE0030130066"	"KEGVS10"	"rl5"	59.4386291503906	5	1	4	1	0	0.2	0
"1"	"KE0030150071"	"KEGVS11"	"q95"	317.885	5	2	3	11	9	0.4	0.82
"1"	"KE0030150071"	"KEGVS10"	"q95"	6.782711	5	4	1	12	8	0.8	0.67
"1"	"KE0030150071"	"KEGVS10"	"rl2"	30.8739757537842	5	1	4	3	2	0.2	0.67
"1"	"KE0030150071"	"KEGVS10"	"rl5"	59.4386291503906	5	1	4	1	0	0.2	0
"1"	"KE0030150072"	"KEGVS11"	"q95"	317.885	5	2	3	11	9	0.4	0.82
"1"	"KE0030150072"	"KEGVS10"	"q95"	6.782711	5	4	1	12	8	0.8	0.67
"1"	"KE0030150072"	"KEGVS10"	"rl2"	30.8739757537842	5	1	4	3	2	0.2	0.67
"1"	"KE0030150072"	"KEGVS10"	"rl5"	59.4386291503906	5	1	4	1	0	0.2	0
"1"	"KE0030150073"	"KEGVS11"	"q95"	317.885	5	2	3	11	9	0.4	0.82
"1"	"KE0030150073"	"KEGVS10"	"q95"	6.782711	5	4	1	12	8	0.8	0.67
"1"	"KE0030150073"	"KEGVS10"	"rl2"	30.8739757537842	5	1	4	3	2	0.2	0.67
"1"	"KE0030150073"	"KEGVS10"	"rl5"	59.4386291503906	5	1	4	1	0	0.2	0
"1"	"KE0030150074"	"KEGVS11"	"q95"	317.885	5	2	3	11	9	0.4	0.82
"1"	"KE0030150074"	"KEGVS10"	"q95"	6.782711	5	4	1	12	8	0.8	0.67
"1"	"KE0030150074"	"KEGVS10"	"rl2"	30.8739757537842	5	1	4	3	2	0.2	0.67
"1"	"KE0030150074"	"KEGVS10"	"rl5"	59.4386291503906	5	1	4	1	0	0.2	0
"1"	"KE0030170080"	"KEGVS11"	"q95"	317.885	14	7	7	12	8	0.5	0.67
"1"	"KE0030170080"	"KEGVS10"	"q95"	6.782711	14	9	5	14	8	0.64	0.57
"1"	"KE0030170080"	"KEGVS10"	"rl2"	30.8739757537842	14	5	9	4	3	0.36	0.75
"1"	"KE0030170081"	"KEGVS11"	"q95"	317.885	14	7	7	12	8	0.5	0.67
"1"	"KE0030170081"	"KEGVS10"	"q95"	6.782711	14	9	5	14	8	0.64	0.57
"1"	"KE0030170081"	"KEGVS10"	"rl2"	30.8739757537842	14	5	9	4	3	0.36	0.75
"1"	"KE0030170082"	"KEGVS11"	"q95"	317.885	14	7	7	12	8	0.5	0.67
"1"	"KE0030170082"	"KEGVS10"	"q95"	6.782711	14	9	5	14	8	0.64	0.57
"1"	"KE0030170082"	"KEGVS10"	"rl2"	30.8739757537842	14	5	9	4	3	0.36	0.75
"1"	"KE0030170083"	"KEGVS11"	"q95"	317.885	14	7	7	12	8	0.5	0.67
"1"	"KE0030170083"	"KEGVS10"	"q95"	6.782711	14	9	5	14	8	0.64	0.57
"1"	"KE0030170083"	"KEGVS10"	"rl2"	30.8739757537842	14	5	9	4	3	0.36	0.75
"1"	"KE0030170084"	"KEGVS11"	"q95"	317.885	14	7	7	12	8	0.5	0.67
"1"	"KE0030170084"	"KEGVS10"	"q95"	6.782711	14	9	5	14	8	0.64	0.57
"1"	"KE0030170084"	"KEGVS10"	"rl2"	30.8739757537842	14	5	9	4	3	0.36	0.75
"1"	"KE0030170085"	"KEGVS11"	"q95"	317.885	14	7	7	12	8	0.5	0.67
"1"	"KE0030170085"	"KEGVS10"	"q95"	6.782711	14	9	5	14	8	0.64	0.57
"1"	"KE0030170085"	"KEGVS10"	"rl2"	30.8739757537842	14	5	9	4	3	0.36	0.75
"1"	"KE0040180086"	"G5305"	"q80"	232.416164	9	7	2	14	8	0.78	0.57
"1"	"KE0040180086"	"G5305"	"q90"	360.214008	9	7	2	15	9	0.78	0.6
"1"	"KE0040180086"	"G5305"	"q95"	517.518236	9	4	5	12	9	0.44	0.75
"1"	"KE0040180086"	"G5305"	"rl2"	999.430236816406	9	3	6	5	3	0.33	0.6
"1"	"KE0040180086"	"G5305"	"rl5"	1538.55810546875	9	1	8	1	0	0.11	0
"1"	"KE0040180086"	"G5326"	"q80"	226.2463	9	7	2	15	9	0.78	0.6
"1"	"KE0040180086"	"G5326"	"q90"	364.0432	9	7	2	17	11	0.78	0.65
"1"	"KE0040180086"	"G5326"	"q95"	535.3537	9	4	5	11	8	0.44	0.73
"1"	"KE0040180086"	"G5326"	"rl2"	1050.39575195312	9	3	6	4	2	0.33	0.5
"1"	"KE0040180086"	"G5326"	"rl5"	1640.2490234375	9	2	7	2	0	0.22	0
"1"	"KE0040180086"	"G5210"	"q80"	247.832824	9	7	2	13	7	0.78	0.54
"1"	"KE0040180086"	"G5210"	"q90"	383.63605	9	7	2	15	9	0.78	0.6
"1"	"KE0040180086"	"G5210"	"q95"	551.941635999999	9	6	3	12	7	0.67	0.58
"1"	"KE0040180086"	"G5210"	"rl2"	1087.10534667969	9	2	7	1	0	0.22	0
"1"	"KE0040180086"	"G5210"	"rl5"	1646.08813476562	9	1	8	1	0	0.11	0
"1"	"KE0040180086"	"KEGVS12"	"q50"	151.1375	9	8	1	5	-2	0.89	-0.4
"1"	"KE0040180086"	"KEGVS12"	"q80"	247.91096	9	7	2	14	8	0.78	0.57
"1"	"KE0040180086"	"KEGVS12"	"q90"	384.90964	9	7	2	17	11	0.78	0.65
"1"	"KE0040180086"	"KEGVS12"	"q95"	565.62244	9	5	4	10	6	0.56	0.6
"1"	"KE0040180086"	"KEGVS12"	"rl2"	1111.09753417969	9	2	7	1	0	0.22	0
"1"	"KE0040180086"	"KEGVS12"	"rl5"	1669.31628417969	9	1	8	1	0	0.11	0
"1"	"KE0040180087"	"G5305"	"q80"	232.416164	9	7	2	14	8	0.78	0.57
"1"	"KE0040180087"	"G5305"	"q90"	360.214008	9	7	2	15	9	0.78	0.6
"1"	"KE0040180087"	"G5305"	"q95"	517.518236	9	4	5	12	9	0.44	0.75
"1"	"KE0040180087"	"G5305"	"rl2"	999.430236816406	9	3	6	5	3	0.33	0.6
"1"	"KE0040180087"	"G5305"	"rl5"	1538.55810546875	9	1	8	1	0	0.11	0
"1"	"KE0040180087"	"G5326"	"q80"	226.2463	9	7	2	15	9	0.78	0.6
"1"	"KE0040180087"	"G5326"	"q90"	364.0432	9	7	2	17	11	0.78	0.65
"1"	"KE0040180087"	"G5326"	"q95"	535.3537	9	4	5	11	8	0.44	0.73
"1"	"KE0040180087"	"G5326"	"rl2"	1050.39575195312	9	3	6	4	2	0.33	0.5
"1"	"KE0040180087"	"G5326"	"rl5"	1640.2490234375	9	2	7	2	0	0.22	0
"1"	"KE0040180087"	"G5210"	"q80"	247.832824	9	7	2	13	7	0.78	0.54
"1"	"KE0040180087"	"G5210"	"q90"	383.63605	9	7	2	15	9	0.78	0.6
"1"	"KE0040180087"	"G5210"	"q95"	551.941635999999	9	6	3	12	7	0.67	0.58
"1"	"KE0040180087"	"G5210"	"rl2"	1087.10534667969	9	2	7	1	0	0.22	0
"1"	"KE0040180087"	"G5210"	"rl5"	1646.08813476562	9	1	8	1	0	0.11	0
"1"	"KE0040180087"	"KEGVS12"	"q50"	151.1375	9	8	1	5	-2	0.89	-0.4
"1"	"KE0040180087"	"KEGVS12"	"q80"	247.91096	9	7	2	14	8	0.78	0.57
"1"	"KE0040180087"	"KEGVS12"	"q90"	384.90964	9	7	2	17	11	0.78	0.65
"1"	"KE0040180087"	"KEGVS12"	"q95"	565.62244	9	5	4	10	6	0.56	0.6
"1"	"KE0040180087"	"KEGVS12"	"rl2"	1111.09753417969	9	2	7	1	0	0.22	0
"1"	"KE0040180087"	"KEGVS12"	"rl5"	1669.31628417969	9	1	8	1	0	0.11	0
"1"	"KE0040180088"	"G5305"	"q80"	232.416164	9	7	2	14	8	0.78	0.57
"1"	"KE0040180088"	"G5305"	"q90"	360.214008	9	7	2	15	9	0.78	0.6
"1"	"KE0040180088"	"G5305"	"q95"	517.518236	9	4	5	12	9	0.44	0.75
"1"	"KE0040180088"	"G5305"	"rl2"	999.430236816406	9	3	6	5	3	0.33	0.6
"1"	"KE0040180088"	"G5305"	"rl5"	1538.55810546875	9	1	8	1	0	0.11	0
"1"	"KE0040180088"	"G5326"	"q80"	226.2463	9	7	2	15	9	0.78	0.6
"1"	"KE0040180088"	"G5326"	"q90"	364.0432	9	7	2	17	11	0.78	0.65
"1"	"KE0040180088"	"G5326"	"q95"	535.3537	9	4	5	11	8	0.44	0.73
"1"	"KE0040180088"	"G5326"	"rl2"	1050.39575195312	9	3	6	4	2	0.33	0.5
"1"	"KE0040180088"	"G5326"	"rl5"	1640.2490234375	9	2	7	2	0	0.22	0
"1"	"KE0040180088"	"G5210"	"q80"	247.832824	9	7	2	13	7	0.78	0.54
"1"	"KE0040180088"	"G5210"	"q90"	383.63605	9	7	2	15	9	0.78	0.6
"1"	"KE0040180088"	"G5210"	"q95"	551.941635999999	9	6	3	12	7	0.67	0.58
"1"	"KE0040180088"	"G5210"	"rl2"	1087.10534667969	9	2	7	1	0	0.22	0
"1"	"KE0040180088"	"G5210"	"rl5"	1646.08813476562	9	1	8	1	0	0.11	0
"1"	"KE0040180088"	"KEGVS12"	"q50"	151.1375	9	8	1	5	-2	0.89	-0.4
"1"	"KE0040180088"	"KEGVS12"	"q80"	247.91096	9	7	2	14	8	0.78	0.57
"1"	"KE0040180088"	"KEGVS12"	"q90"	384.90964	9	7	2	17	11	0.78	0.65
"1"	"KE0040180088"	"KEGVS12"	"q95"	565.62244	9	5	4	10	6	0.56	0.6
"1"	"KE0040180088"	"KEGVS12"	"rl2"	1111.09753417969	9	2	7	1	0	0.22	0
"1"	"KE0040180088"	"KEGVS12"	"rl5"	1669.31628417969	9	1	8	1	0	0.11	0
"1"	"KE0040180089"	"G5305"	"q80"	232.416164	9	7	2	14	8	0.78	0.57
"1"	"KE0040180089"	"G5305"	"q90"	360.214008	9	7	2	15	9	0.78	0.6
"1"	"KE0040180089"	"G5305"	"q95"	517.518236	9	4	5	12	9	0.44	0.75
"1"	"KE0040180089"	"G5305"	"rl2"	999.430236816406	9	3	6	5	3	0.33	0.6
"1"	"KE0040180089"	"G5305"	"rl5"	1538.55810546875	9	1	8	1	0	0.11	0
"1"	"KE0040180089"	"G5326"	"q80"	226.2463	9	7	2	15	9	0.78	0.6
"1"	"KE0040180089"	"G5326"	"q90"	364.0432	9	7	2	17	11	0.78	0.65
"1"	"KE0040180089"	"G5326"	"q95"	535.3537	9	4	5	11	8	0.44	0.73
"1"	"KE0040180089"	"G5326"	"rl2"	1050.39575195312	9	3	6	4	2	0.33	0.5
"1"	"KE0040180089"	"G5326"	"rl5"	1640.2490234375	9	2	7	2	0	0.22	0
"1"	"KE0040180089"	"G5210"	"q80"	247.832824	9	7	2	13	7	0.78	0.54
"1"	"KE0040180089"	"G5210"	"q90"	383.63605	9	7	2	15	9	0.78	0.6
"1"	"KE0040180089"	"G5210"	"q95"	551.941635999999	9	6	3	12	7	0.67	0.58
"1"	"KE0040180089"	"G5210"	"rl2"	1087.10534667969	9	2	7	1	0	0.22	0
"1"	"KE0040180089"	"G5210"	"rl5"	1646.08813476562	9	1	8	1	0	0.11	0
"1"	"KE0040180089"	"KEGVS12"	"q50"	151.1375	9	8	1	5	-2	0.89	-0.4
"1"	"KE0040180089"	"KEGVS12"	"q80"	247.91096	9	7	2	14	8	0.78	0.57
"1"	"KE0040180089"	"KEGVS12"	"q90"	384.90964	9	7	2	17	11	0.78	0.65
"1"	"KE0040180089"	"KEGVS12"	"q95"	565.62244	9	5	4	10	6	0.56	0.6
"1"	"KE0040180089"	"KEGVS12"	"rl2"	1111.09753417969	9	2	7	1	0	0.22	0
"1"	"KE0040180089"	"KEGVS12"	"rl5"	1669.31628417969	9	1	8	1	0	0.11	0
"1"	"KE0040180090"	"G5305"	"q80"	232.416164	9	7	2	14	8	0.78	0.57
"1"	"KE0040180090"	"G5305"	"q90"	360.214008	9	7	2	15	9	0.78	0.6
"1"	"KE0040180090"	"G5305"	"q95"	517.518236	9	4	5	12	9	0.44	0.75
"1"	"KE0040180090"	"G5305"	"rl2"	999.430236816406	9	3	6	5	3	0.33	0.6
"1"	"KE0040180090"	"G5305"	"rl5"	1538.55810546875	9	1	8	1	0	0.11	0
"1"	"KE0040180090"	"G5326"	"q80"	226.2463	9	7	2	15	9	0.78	0.6
"1"	"KE0040180090"	"G5326"	"q90"	364.0432	9	7	2	17	11	0.78	0.65
"1"	"KE0040180090"	"G5326"	"q95"	535.3537	9	4	5	11	8	0.44	0.73
"1"	"KE0040180090"	"G5326"	"rl2"	1050.39575195312	9	3	6	4	2	0.33	0.5
"1"	"KE0040180090"	"G5326"	"rl5"	1640.2490234375	9	2	7	2	0	0.22	0
"1"	"KE0040180090"	"G5210"	"q80"	247.832824	9	7	2	13	7	0.78	0.54
"1"	"KE0040180090"	"G5210"	"q90"	383.63605	9	7	2	15	9	0.78	0.6
"1"	"KE0040180090"	"G5210"	"q95"	551.941635999999	9	6	3	12	7	0.67	0.58
"1"	"KE0040180090"	"G5210"	"rl2"	1087.10534667969	9	2	7	1	0	0.22	0
"1"	"KE0040180090"	"G5210"	"rl5"	1646.08813476562	9	1	8	1	0	0.11	0
"1"	"KE0040180090"	"KEGVS12"	"q50"	151.1375	9	8	1	5	-2	0.89	-0.4
"1"	"KE0040180090"	"KEGVS12"	"q80"	247.91096	9	7	2	14	8	0.78	0.57
"1"	"KE0040180090"	"KEGVS12"	"q90"	384.90964	9	7	2	17	11	0.78	0.65
"1"	"KE0040180090"	"KEGVS12"	"q95"	565.62244	9	5	4	10	6	0.56	0.6
"1"	"KE0040180090"	"KEGVS12"	"rl2"	1111.09753417969	9	2	7	1	0	0.22	0
"1"	"KE0040180090"	"KEGVS12"	"rl5"	1669.31628417969	9	1	8	1	0	0.11	0
"1"	"KE0040180091"	"G5305"	"q80"	232.416164	9	7	2	14	8	0.78	0.57
"1"	"KE0040180091"	"G5305"	"q90"	360.214008	9	7	2	15	9	0.78	0.6
"1"	"KE0040180091"	"G5305"	"q95"	517.518236	9	4	5	12	9	0.44	0.75
"1"	"KE0040180091"	"G5305"	"rl2"	999.430236816406	9	3	6	5	3	0.33	0.6
"1"	"KE0040180091"	"G5305"	"rl5"	1538.55810546875	9	1	8	1	0	0.11	0
"1"	"KE0040180091"	"G5326"	"q80"	226.2463	9	7	2	15	9	0.78	0.6
"1"	"KE0040180091"	"G5326"	"q90"	364.0432	9	7	2	17	11	0.78	0.65
"1"	"KE0040180091"	"G5326"	"q95"	535.3537	9	4	5	11	8	0.44	0.73
"1"	"KE0040180091"	"G5326"	"rl2"	1050.39575195312	9	3	6	4	2	0.33	0.5
"1"	"KE0040180091"	"G5326"	"rl5"	1640.2490234375	9	2	7	2	0	0.22	0
"1"	"KE0040180091"	"G5210"	"q80"	247.832824	9	7	2	13	7	0.78	0.54
"1"	"KE0040180091"	"G5210"	"q90"	383.63605	9	7	2	15	9	0.78	0.6
"1"	"KE0040180091"	"G5210"	"q95"	551.941635999999	9	6	3	12	7	0.67	0.58
"1"	"KE0040180091"	"G5210"	"rl2"	1087.10534667969	9	2	7	1	0	0.22	0
"1"	"KE0040180091"	"G5210"	"rl5"	1646.08813476562	9	1	8	1	0	0.11	0
"1"	"KE0040180091"	"KEGVS12"	"q50"	151.1375	9	8	1	5	-2	0.89	-0.4
"1"	"KE0040180091"	"KEGVS12"	"q80"	247.91096	9	7	2	14	8	0.78	0.57
"1"	"KE0040180091"	"KEGVS12"	"q90"	384.90964	9	7	2	17	11	0.78	0.65
"1"	"KE0040180091"	"KEGVS12"	"q95"	565.62244	9	5	4	10	6	0.56	0.6
"1"	"KE0040180091"	"KEGVS12"	"rl2"	1111.09753417969	9	2	7	1	0	0.22	0
"1"	"KE0040180091"	"KEGVS12"	"rl5"	1669.31628417969	9	1	8	1	0	0.11	0
"1"	"KE0040190092"	"G5305"	"q95"	517.518236	3	1	2	12	11	0.33	0.92
"1"	"KE0040190092"	"G5305"	"rl2"	999.430236816406	3	1	2	5	4	0.33	0.8
"1"	"KE0040190092"	"G5305"	"rl5"	1538.55810546875	3	1	2	1	0	0.33	0
"1"	"KE0040190092"	"G5326"	"q95"	535.3537	3	1	2	11	10	0.33	0.91
"1"	"KE0040190092"	"G5326"	"rl2"	1050.39575195312	3	1	2	4	3	0.33	0.75
"1"	"KE0040190092"	"G5326"	"rl5"	1640.2490234375	3	1	2	2	1	0.33	0.5
"1"	"KE0040190092"	"G5210"	"q90"	383.63605	3	2	1	15	13	0.67	0.87
"1"	"KE0040190092"	"G5210"	"q95"	551.941635999999	3	2	1	12	10	0.67	0.83
"1"	"KE0040190092"	"G5210"	"rl2"	1087.10534667969	3	1	2	1	0	0.33	0
"1"	"KE0040190092"	"G5210"	"rl5"	1646.08813476562	3	1	2	1	0	0.33	0
"1"	"KE0040190092"	"KEGVS12"	"q90"	384.90964	3	2	1	17	15	0.67	0.88
"1"	"KE0040190092"	"KEGVS12"	"q95"	565.62244	3	2	1	10	8	0.67	0.8
"1"	"KE0040190092"	"KEGVS12"	"rl2"	1111.09753417969	3	1	2	1	0	0.33	0
"1"	"KE0040190092"	"KEGVS12"	"rl5"	1669.31628417969	3	1	2	1	0	0.33	0
"1"	"KE0040190093"	"G5305"	"q95"	517.518236	3	1	2	12	11	0.33	0.92
"1"	"KE0040190093"	"G5305"	"rl2"	999.430236816406	3	1	2	5	4	0.33	0.8
"1"	"KE0040190093"	"G5305"	"rl5"	1538.55810546875	3	1	2	1	0	0.33	0
"1"	"KE0040190093"	"G5326"	"q95"	535.3537	3	1	2	11	10	0.33	0.91
"1"	"KE0040190093"	"G5326"	"rl2"	1050.39575195312	3	1	2	4	3	0.33	0.75
"1"	"KE0040190093"	"G5326"	"rl5"	1640.2490234375	3	1	2	2	1	0.33	0.5
"1"	"KE0040190093"	"G5210"	"q90"	383.63605	3	2	1	15	13	0.67	0.87
"1"	"KE0040190093"	"G5210"	"q95"	551.941635999999	3	2	1	12	10	0.67	0.83
"1"	"KE0040190093"	"G5210"	"rl2"	1087.10534667969	3	1	2	1	0	0.33	0
"1"	"KE0040190093"	"G5210"	"rl5"	1646.08813476562	3	1	2	1	0	0.33	0
"1"	"KE0040190093"	"KEGVS12"	"q90"	384.90964	3	2	1	17	15	0.67	0.88
"1"	"KE0040190093"	"KEGVS12"	"q95"	565.62244	3	2	1	10	8	0.67	0.8
"1"	"KE0040190093"	"KEGVS12"	"rl2"	1111.09753417969	3	1	2	1	0	0.33	0
"1"	"KE0040190093"	"KEGVS12"	"rl5"	1669.31628417969	3	1	2	1	0	0.33	0
"1"	"KE0040190094"	"G5305"	"q95"	517.518236	3	1	2	12	11	0.33	0.92
"1"	"KE0040190094"	"G5305"	"rl2"	999.430236816406	3	1	2	5	4	0.33	0.8
"1"	"KE0040190094"	"G5305"	"rl5"	1538.55810546875	3	1	2	1	0	0.33	0
"1"	"KE0040190094"	"G5326"	"q95"	535.3537	3	1	2	11	10	0.33	0.91
"1"	"KE0040190094"	"G5326"	"rl2"	1050.39575195312	3	1	2	4	3	0.33	0.75
"1"	"KE0040190094"	"G5326"	"rl5"	1640.2490234375	3	1	2	2	1	0.33	0.5
"1"	"KE0040190094"	"G5210"	"q90"	383.63605	3	2	1	15	13	0.67	0.87
"1"	"KE0040190094"	"G5210"	"q95"	551.941635999999	3	2	1	12	10	0.67	0.83
"1"	"KE0040190094"	"G5210"	"rl2"	1087.10534667969	3	1	2	1	0	0.33	0
"1"	"KE0040190094"	"G5210"	"rl5"	1646.08813476562	3	1	2	1	0	0.33	0
"1"	"KE0040190094"	"KEGVS12"	"q90"	384.90964	3	2	1	17	15	0.67	0.88
"1"	"KE0040190094"	"KEGVS12"	"q95"	565.62244	3	2	1	10	8	0.67	0.8
"1"	"KE0040190094"	"KEGVS12"	"rl2"	1111.09753417969	3	1	2	1	0	0.33	0
"1"	"KE0040190094"	"KEGVS12"	"rl5"	1669.31628417969	3	1	2	1	0	0.33	0
"1"	"KE0040190095"	"G5305"	"q95"	517.518236	3	1	2	12	11	0.33	0.92
"1"	"KE0040190095"	"G5305"	"rl2"	999.430236816406	3	1	2	5	4	0.33	0.8
"1"	"KE0040190095"	"G5305"	"rl5"	1538.55810546875	3	1	2	1	0	0.33	0
"1"	"KE0040190095"	"G5326"	"q95"	535.3537	3	1	2	11	10	0.33	0.91
"1"	"KE0040190095"	"G5326"	"rl2"	1050.39575195312	3	1	2	4	3	0.33	0.75
"1"	"KE0040190095"	"G5326"	"rl5"	1640.2490234375	3	1	2	2	1	0.33	0.5
"1"	"KE0040190095"	"G5210"	"q90"	383.63605	3	2	1	15	13	0.67	0.87
"1"	"KE0040190095"	"G5210"	"q95"	551.941635999999	3	2	1	12	10	0.67	0.83
"1"	"KE0040190095"	"G5210"	"rl2"	1087.10534667969	3	1	2	1	0	0.33	0
"1"	"KE0040190095"	"G5210"	"rl5"	1646.08813476562	3	1	2	1	0	0.33	0
"1"	"KE0040190095"	"KEGVS12"	"q90"	384.90964	3	2	1	17	15	0.67	0.88
"1"	"KE0040190095"	"KEGVS12"	"q95"	565.62244	3	2	1	10	8	0.67	0.8
"1"	"KE0040190095"	"KEGVS12"	"rl2"	1111.09753417969	3	1	2	1	0	0.33	0
"1"	"KE0040190095"	"KEGVS12"	"rl5"	1669.31628417969	3	1	2	1	0	0.33	0
"1"	"KE0040200096"	"G5305"	"q95"	517.518236	6	2	4	5	3	0.33	0.6
"1"	"KE0040200096"	"G5326"	"q90"	364.0432	6	4	2	9	6	0.67	0.67
"1"	"KE0040200096"	"G5326"	"q95"	535.3537	6	1	5	5	4	0.17	0.8
"1"	"KE0040200096"	"G5210"	"q95"	551.941635999999	6	3	3	6	3	0.5	0.5
"1"	"KE0040200096"	"KEGVS12"	"q95"	565.62244	6	2	4	5	3	0.33	0.6
"1"	"KE0040200097"	"G5305"	"q95"	517.518236	6	2	4	5	3	0.33	0.6
"1"	"KE0040200097"	"G5326"	"q90"	364.0432	6	4	2	9	6	0.67	0.67
"1"	"KE0040200097"	"G5326"	"q95"	535.3537	6	1	5	5	4	0.17	0.8
"1"	"KE0040200097"	"G5210"	"q95"	551.941635999999	6	3	3	6	3	0.5	0.5
"1"	"KE0040200097"	"KEGVS12"	"q95"	565.62244	6	2	4	5	3	0.33	0.6
"1"	"KE0040200098"	"G5305"	"q95"	517.518236	6	2	4	5	3	0.33	0.6
"1"	"KE0040200098"	"G5326"	"q90"	364.0432	6	4	2	9	6	0.67	0.67
"1"	"KE0040200098"	"G5326"	"q95"	535.3537	6	1	5	5	4	0.17	0.8
"1"	"KE0040200098"	"G5210"	"q95"	551.941635999999	6	3	3	6	3	0.5	0.5
"1"	"KE0040200098"	"KEGVS12"	"q95"	565.62244	6	2	4	5	3	0.33	0.6
"1"	"KE0040200099"	"G5305"	"q95"	517.518236	6	2	4	5	3	0.33	0.6
"1"	"KE0040200099"	"G5326"	"q90"	364.0432	6	4	2	9	6	0.67	0.67
"1"	"KE0040200099"	"G5326"	"q95"	535.3537	6	1	5	5	4	0.17	0.8
"1"	"KE0040200099"	"G5210"	"q95"	551.941635999999	6	3	3	6	3	0.5	0.5
"1"	"KE0040200099"	"KEGVS12"	"q95"	565.62244	6	2	4	5	3	0.33	0.6
"1"	"KE0040200100"	"G5305"	"q95"	517.518236	6	2	4	5	3	0.33	0.6
"1"	"KE0040200100"	"G5326"	"q90"	364.0432	6	4	2	9	6	0.67	0.67
"1"	"KE0040200100"	"G5326"	"q95"	535.3537	6	1	5	5	4	0.17	0.8
"1"	"KE0040200100"	"G5210"	"q95"	551.941635999999	6	3	3	6	3	0.5	0.5
"1"	"KE0040200100"	"KEGVS12"	"q95"	565.62244	6	2	4	5	3	0.33	0.6
"1"	"KE0070300146"	"KEGVS13"	"q50"	0.2451388	5	4	1	17	13	0.8	0.76
"1"	"KE0070300146"	"KEGVS13"	"q80"	0.71546	5	2	3	20	18	0.4	0.9
"1"	"KE0070300146"	"KEGVS13"	"q90"	1.90254186	5	1	4	13	12	0.2	0.92
"1"	"KE0070300146"	"KEGVS14"	"q90"	225.60262	5	4	1	21	17	0.8	0.81
"1"	"KE0070300146"	"KEGVS14"	"q95"	341.845764	5	3	2	18	15	0.6	0.83
"1"	"KE0070300146"	"KEGVS14"	"rl2"	697.432983398438	5	1	4	7	6	0.2	0.86
"1"	"KE0070300147"	"KEGVS13"	"q50"	0.2451388	5	4	1	17	13	0.8	0.76
"1"	"KE0070300147"	"KEGVS13"	"q80"	0.71546	5	2	3	20	18	0.4	0.9
"1"	"KE0070300147"	"KEGVS13"	"q90"	1.90254186	5	1	4	13	12	0.2	0.92
"1"	"KE0070300147"	"KEGVS14"	"q90"	225.60262	5	4	1	21	17	0.8	0.81
"1"	"KE0070300147"	"KEGVS14"	"q95"	341.845764	5	3	2	18	15	0.6	0.83
"1"	"KE0070300147"	"KEGVS14"	"rl2"	697.432983398438	5	1	4	7	6	0.2	0.86
"1"	"KE0070300148"	"KEGVS13"	"q50"	0.2451388	5	4	1	17	13	0.8	0.76
"1"	"KE0070300148"	"KEGVS13"	"q80"	0.71546	5	2	3	20	18	0.4	0.9
"1"	"KE0070300148"	"KEGVS13"	"q90"	1.90254186	5	1	4	13	12	0.2	0.92
"1"	"KE0070300148"	"KEGVS14"	"q90"	225.60262	5	4	1	21	17	0.8	0.81
"1"	"KE0070300148"	"KEGVS14"	"q95"	341.845764	5	3	2	18	15	0.6	0.83
"1"	"KE0070300148"	"KEGVS14"	"rl2"	697.432983398438	5	1	4	7	6	0.2	0.86
"1"	"KE0070300149"	"KEGVS13"	"q50"	0.2451388	5	4	1	17	13	0.8	0.76
"1"	"KE0070300149"	"KEGVS13"	"q80"	0.71546	5	2	3	20	18	0.4	0.9
"1"	"KE0070300149"	"KEGVS13"	"q90"	1.90254186	5	1	4	13	12	0.2	0.92
"1"	"KE0070300149"	"KEGVS14"	"q90"	225.60262	5	4	1	21	17	0.8	0.81
"1"	"KE0070300149"	"KEGVS14"	"q95"	341.845764	5	3	2	18	15	0.6	0.83
"1"	"KE0070300149"	"KEGVS14"	"rl2"	697.432983398438	5	1	4	7	6	0.2	0.86
"1"	"KE0070300150"	"KEGVS13"	"q50"	0.2451388	5	4	1	17	13	0.8	0.76
"1"	"KE0070300150"	"KEGVS13"	"q80"	0.71546	5	2	3	20	18	0.4	0.9
"1"	"KE0070300150"	"KEGVS13"	"q90"	1.90254186	5	1	4	13	12	0.2	0.92
"1"	"KE0070300150"	"KEGVS14"	"q90"	225.60262	5	4	1	21	17	0.8	0.81
"1"	"KE0070300150"	"KEGVS14"	"q95"	341.845764	5	3	2	18	15	0.6	0.83
"1"	"KE0070300150"	"KEGVS14"	"rl2"	697.432983398438	5	1	4	7	6	0.2	0.86
"1"	"KE0070300151"	"KEGVS13"	"q50"	0.2451388	5	4	1	17	13	0.8	0.76
"1"	"KE0070300151"	"KEGVS13"	"q80"	0.71546	5	2	3	20	18	0.4	0.9
"1"	"KE0070300151"	"KEGVS13"	"q90"	1.90254186	5	1	4	13	12	0.2	0.92
"1"	"KE0070300151"	"KEGVS14"	"q90"	225.60262	5	4	1	21	17	0.8	0.81
"1"	"KE0070300151"	"KEGVS14"	"q95"	341.845764	5	3	2	18	15	0.6	0.83
"1"	"KE0070300151"	"KEGVS14"	"rl2"	697.432983398438	5	1	4	7	6	0.2	0.86
"1"	"KE0080330161"	"KEGVS15"	"q80"	5.4900746	12	8	4	18	14	0.67	0.78
"1"	"KE0080330161"	"KEGVS15"	"q90"	14.0179464	12	8	4	15	11	0.67	0.73
"1"	"KE0080330161"	"KEGVS15"	"q95"	29.144743	12	8	4	10	6	0.67	0.6
"1"	"KE0080330161"	"KEGVS15"	"rl2"	130.29573059082	12	5	7	5	3	0.42	0.6
"1"	"KE0080330161"	"KEGVS15"	"rl5"	283.548156738281	12	5	7	3	1	0.42	0.33
"1"	"KE0080330161"	"KEGVS2"	"q80"	3.305287	12	8	4	19	15	0.67	0.79
"1"	"KE0080330161"	"KEGVS2"	"q90"	8.1019871	12	8	4	17	13	0.67	0.76
"1"	"KE0080330161"	"KEGVS2"	"q95"	17.05115	12	5	7	12	10	0.42	0.83
"1"	"KE0080330161"	"KEGVS2"	"rl2"	71.5539016723633	12	4	8	4	3	0.33	0.75
"1"	"KE0080330161"	"KEGVS2"	"rl5"	178.36946105957	12	4	8	2	1	0.33	0.5
"1"	"KE0080330162"	"KEGVS15"	"q80"	5.4900746	12	8	4	18	14	0.67	0.78
"1"	"KE0080330162"	"KEGVS15"	"q90"	14.0179464	12	8	4	15	11	0.67	0.73
"1"	"KE0080330162"	"KEGVS15"	"q95"	29.144743	12	8	4	10	6	0.67	0.6
"1"	"KE0080330162"	"KEGVS15"	"rl2"	130.29573059082	12	5	7	5	3	0.42	0.6
"1"	"KE0080330162"	"KEGVS15"	"rl5"	283.548156738281	12	5	7	3	1	0.42	0.33
"1"	"KE0080330162"	"KEGVS2"	"q80"	3.305287	12	8	4	19	15	0.67	0.79
"1"	"KE0080330162"	"KEGVS2"	"q90"	8.1019871	12	8	4	17	13	0.67	0.76
"1"	"KE0080330162"	"KEGVS2"	"q95"	17.05115	12	5	7	12	10	0.42	0.83
"1"	"KE0080330162"	"KEGVS2"	"rl2"	71.5539016723633	12	4	8	4	3	0.33	0.75
"1"	"KE0080330162"	"KEGVS2"	"rl5"	178.36946105957	12	4	8	2	1	0.33	0.5
"1"	"KE0080330163"	"KEGVS15"	"q80"	5.4900746	12	8	4	18	14	0.67	0.78
"1"	"KE0080330163"	"KEGVS15"	"q90"	14.0179464	12	8	4	15	11	0.67	0.73
"1"	"KE0080330163"	"KEGVS15"	"q95"	29.144743	12	8	4	10	6	0.67	0.6
"1"	"KE0080330163"	"KEGVS15"	"rl2"	130.29573059082	12	5	7	5	3	0.42	0.6
"1"	"KE0080330163"	"KEGVS15"	"rl5"	283.548156738281	12	5	7	3	1	0.42	0.33
"1"	"KE0080330163"	"KEGVS2"	"q80"	3.305287	12	8	4	19	15	0.67	0.79
"1"	"KE0080330163"	"KEGVS2"	"q90"	8.1019871	12	8	4	17	13	0.67	0.76
"1"	"KE0080330163"	"KEGVS2"	"q95"	17.05115	12	5	7	12	10	0.42	0.83
"1"	"KE0080330163"	"KEGVS2"	"rl2"	71.5539016723633	12	4	8	4	3	0.33	0.75
"1"	"KE0080330163"	"KEGVS2"	"rl5"	178.36946105957	12	4	8	2	1	0.33	0.5
"1"	"KE0080330164"	"KEGVS15"	"q80"	5.4900746	12	8	4	18	14	0.67	0.78
"1"	"KE0080330164"	"KEGVS15"	"q90"	14.0179464	12	8	4	15	11	0.67	0.73
"1"	"KE0080330164"	"KEGVS15"	"q95"	29.144743	12	8	4	10	6	0.67	0.6
"1"	"KE0080330164"	"KEGVS15"	"rl2"	130.29573059082	12	5	7	5	3	0.42	0.6
"1"	"KE0080330164"	"KEGVS15"	"rl5"	283.548156738281	12	5	7	3	1	0.42	0.33
"1"	"KE0080330164"	"KEGVS2"	"q80"	3.305287	12	8	4	19	15	0.67	0.79
"1"	"KE0080330164"	"KEGVS2"	"q90"	8.1019871	12	8	4	17	13	0.67	0.76
"1"	"KE0080330164"	"KEGVS2"	"q95"	17.05115	12	5	7	12	10	0.42	0.83
"1"	"KE0080330164"	"KEGVS2"	"rl2"	71.5539016723633	12	4	8	4	3	0.33	0.75
"1"	"KE0080330164"	"KEGVS2"	"rl5"	178.36946105957	12	4	8	2	1	0.33	0.5
"1"	"KE0080330165"	"KEGVS15"	"q80"	5.4900746	12	8	4	18	14	0.67	0.78
"1"	"KE0080330165"	"KEGVS15"	"q90"	14.0179464	12	8	4	15	11	0.67	0.73
"1"	"KE0080330165"	"KEGVS15"	"q95"	29.144743	12	8	4	10	6	0.67	0.6
"1"	"KE0080330165"	"KEGVS15"	"rl2"	130.29573059082	12	5	7	5	3	0.42	0.6
"1"	"KE0080330165"	"KEGVS15"	"rl5"	283.548156738281	12	5	7	3	1	0.42	0.33
"1"	"KE0080330165"	"KEGVS2"	"q80"	3.305287	12	8	4	19	15	0.67	0.79
"1"	"KE0080330165"	"KEGVS2"	"q90"	8.1019871	12	8	4	17	13	0.67	0.76
"1"	"KE0080330165"	"KEGVS2"	"q95"	17.05115	12	5	7	12	10	0.42	0.83
"1"	"KE0080330165"	"KEGVS2"	"rl2"	71.5539016723633	12	4	8	4	3	0.33	0.75
"1"	"KE0080330165"	"KEGVS2"	"rl5"	178.36946105957	12	4	8	2	1	0.33	0.5
"1"	"KE0080330166"	"KEGVS15"	"q80"	5.4900746	12	8	4	18	14	0.67	0.78
"1"	"KE0080330166"	"KEGVS15"	"q90"	14.0179464	12	8	4	15	11	0.67	0.73
"1"	"KE0080330166"	"KEGVS15"	"q95"	29.144743	12	8	4	10	6	0.67	0.6
"1"	"KE0080330166"	"KEGVS15"	"rl2"	130.29573059082	12	5	7	5	3	0.42	0.6
"1"	"KE0080330166"	"KEGVS15"	"rl5"	283.548156738281	12	5	7	3	1	0.42	0.33
"1"	"KE0080330166"	"KEGVS2"	"q80"	3.305287	12	8	4	19	15	0.67	0.79
"1"	"KE0080330166"	"KEGVS2"	"q90"	8.1019871	12	8	4	17	13	0.67	0.76
"1"	"KE0080330166"	"KEGVS2"	"q95"	17.05115	12	5	7	12	10	0.42	0.83
"1"	"KE0080330166"	"KEGVS2"	"rl2"	71.5539016723633	12	4	8	4	3	0.33	0.75
"1"	"KE0080330166"	"KEGVS2"	"rl5"	178.36946105957	12	4	8	2	1	0.33	0.5
"1"	"KE0080330167"	"KEGVS15"	"q80"	5.4900746	12	8	4	18	14	0.67	0.78
"1"	"KE0080330167"	"KEGVS15"	"q90"	14.0179464	12	8	4	15	11	0.67	0.73
"1"	"KE0080330167"	"KEGVS15"	"q95"	29.144743	12	8	4	10	6	0.67	0.6
"1"	"KE0080330167"	"KEGVS15"	"rl2"	130.29573059082	12	5	7	5	3	0.42	0.6
"1"	"KE0080330167"	"KEGVS15"	"rl5"	283.548156738281	12	5	7	3	1	0.42	0.33
"1"	"KE0080330167"	"KEGVS2"	"q80"	3.305287	12	8	4	19	15	0.67	0.79
"1"	"KE0080330167"	"KEGVS2"	"q90"	8.1019871	12	8	4	17	13	0.67	0.76
"1"	"KE0080330167"	"KEGVS2"	"q95"	17.05115	12	5	7	12	10	0.42	0.83
"1"	"KE0080330167"	"KEGVS2"	"rl2"	71.5539016723633	12	4	8	4	3	0.33	0.75
"1"	"KE0080330167"	"KEGVS2"	"rl5"	178.36946105957	12	4	8	2	1	0.33	0.5
"1"	"KE0080380184"	"KEGVS15"	"q90"	14.0179464	4	3	1	15	13	0.75	0.87
"1"	"KE0080380184"	"KEGVS15"	"q95"	29.144743	4	3	1	10	8	0.75	0.8
"1"	"KE0080380184"	"KEGVS15"	"rl2"	130.29573059082	4	2	2	5	4	0.5	0.8
"1"	"KE0080380184"	"KEGVS15"	"rl5"	283.548156738281	4	2	2	3	2	0.5	0.67
"1"	"KE0080380184"	"KEGVS2"	"q90"	8.1019871	4	3	1	17	15	0.75	0.88
"1"	"KE0080380184"	"KEGVS2"	"q95"	17.05115	4	2	2	12	11	0.5	0.92
"1"	"KE0080380184"	"KEGVS2"	"rl2"	71.5539016723633	4	2	2	4	3	0.5	0.75
"1"	"KE0080380184"	"KEGVS2"	"rl5"	178.36946105957	4	2	2	2	1	0.5	0.5
"1"	"KE0080380185"	"KEGVS15"	"q90"	14.0179464	4	3	1	15	13	0.75	0.87
"1"	"KE0080380185"	"KEGVS15"	"q95"	29.144743	4	3	1	10	8	0.75	0.8
"1"	"KE0080380185"	"KEGVS15"	"rl2"	130.29573059082	4	2	2	5	4	0.5	0.8
"1"	"KE0080380185"	"KEGVS15"	"rl5"	283.548156738281	4	2	2	3	2	0.5	0.67
"1"	"KE0080380185"	"KEGVS2"	"q90"	8.1019871	4	3	1	17	15	0.75	0.88
"1"	"KE0080380185"	"KEGVS2"	"q95"	17.05115	4	2	2	12	11	0.5	0.92
"1"	"KE0080380185"	"KEGVS2"	"rl2"	71.5539016723633	4	2	2	4	3	0.5	0.75
"1"	"KE0080380185"	"KEGVS2"	"rl5"	178.36946105957	4	2	2	2	1	0.5	0.5
"1"	"KE0080380186"	"KEGVS15"	"q90"	14.0179464	4	3	1	15	13	0.75	0.87
"1"	"KE0080380186"	"KEGVS15"	"q95"	29.144743	4	3	1	10	8	0.75	0.8
"1"	"KE0080380186"	"KEGVS15"	"rl2"	130.29573059082	4	2	2	5	4	0.5	0.8
"1"	"KE0080380186"	"KEGVS15"	"rl5"	283.548156738281	4	2	2	3	2	0.5	0.67
"1"	"KE0080380186"	"KEGVS2"	"q90"	8.1019871	4	3	1	17	15	0.75	0.88
"1"	"KE0080380186"	"KEGVS2"	"q95"	17.05115	4	2	2	12	11	0.5	0.92
"1"	"KE0080380186"	"KEGVS2"	"rl2"	71.5539016723633	4	2	2	4	3	0.5	0.75
"1"	"KE0080380186"	"KEGVS2"	"rl5"	178.36946105957	4	2	2	2	1	0.5	0.5
"1"	"KE0080380187"	"KEGVS15"	"q90"	14.0179464	4	3	1	15	13	0.75	0.87
"1"	"KE0080380187"	"KEGVS15"	"q95"	29.144743	4	3	1	10	8	0.75	0.8
"1"	"KE0080380187"	"KEGVS15"	"rl2"	130.29573059082	4	2	2	5	4	0.5	0.8
"1"	"KE0080380187"	"KEGVS15"	"rl5"	283.548156738281	4	2	2	3	2	0.5	0.67
"1"	"KE0080380187"	"KEGVS2"	"q90"	8.1019871	4	3	1	17	15	0.75	0.88
"1"	"KE0080380187"	"KEGVS2"	"q95"	17.05115	4	2	2	12	11	0.5	0.92
"1"	"KE0080380187"	"KEGVS2"	"rl2"	71.5539016723633	4	2	2	4	3	0.5	0.75
"1"	"KE0080380187"	"KEGVS2"	"rl5"	178.36946105957	4	2	2	2	1	0.5	0.5
"1"	"KE0080380188"	"KEGVS15"	"q90"	14.0179464	4	3	1	15	13	0.75	0.87
"1"	"KE0080380188"	"KEGVS15"	"q95"	29.144743	4	3	1	10	8	0.75	0.8
"1"	"KE0080380188"	"KEGVS15"	"rl2"	130.29573059082	4	2	2	5	4	0.5	0.8
"1"	"KE0080380188"	"KEGVS15"	"rl5"	283.548156738281	4	2	2	3	2	0.5	0.67
"1"	"KE0080380188"	"KEGVS2"	"q90"	8.1019871	4	3	1	17	15	0.75	0.88
"1"	"KE0080380188"	"KEGVS2"	"q95"	17.05115	4	2	2	12	11	0.5	0.92
"1"	"KE0080380188"	"KEGVS2"	"rl2"	71.5539016723633	4	2	2	4	3	0.5	0.75
"1"	"KE0080380188"	"KEGVS2"	"rl5"	178.36946105957	4	2	2	2	1	0.5	0.5
"1"	"KE0080380189"	"KEGVS15"	"q90"	14.0179464	4	3	1	15	13	0.75	0.87
"1"	"KE0080380189"	"KEGVS15"	"q95"	29.144743	4	3	1	10	8	0.75	0.8
"1"	"KE0080380189"	"KEGVS15"	"rl2"	130.29573059082	4	2	2	5	4	0.5	0.8
"1"	"KE0080380189"	"KEGVS15"	"rl5"	283.548156738281	4	2	2	3	2	0.5	0.67
"1"	"KE0080380189"	"KEGVS2"	"q90"	8.1019871	4	3	1	17	15	0.75	0.88
"1"	"KE0080380189"	"KEGVS2"	"q95"	17.05115	4	2	2	12	11	0.5	0.92
"1"	"KE0080380189"	"KEGVS2"	"rl2"	71.5539016723633	4	2	2	4	3	0.5	0.75
"1"	"KE0080380189"	"KEGVS2"	"rl5"	178.36946105957	4	2	2	2	1	0.5	0.5
"1"	"KE0080380190"	"KEGVS15"	"q90"	14.0179464	4	3	1	15	13	0.75	0.87
"1"	"KE0080380190"	"KEGVS15"	"q95"	29.144743	4	3	1	10	8	0.75	0.8
"1"	"KE0080380190"	"KEGVS15"	"rl2"	130.29573059082	4	2	2	5	4	0.5	0.8
"1"	"KE0080380190"	"KEGVS15"	"rl5"	283.548156738281	4	2	2	3	2	0.5	0.67
"1"	"KE0080380190"	"KEGVS2"	"q90"	8.1019871	4	3	1	17	15	0.75	0.88
"1"	"KE0080380190"	"KEGVS2"	"q95"	17.05115	4	2	2	12	11	0.5	0.92
"1"	"KE0080380190"	"KEGVS2"	"rl2"	71.5539016723633	4	2	2	4	3	0.5	0.75
"1"	"KE0080380190"	"KEGVS2"	"rl5"	178.36946105957	4	2	2	2	1	0.5	0.5
"1"	"KE0090390191"	"G5118"	"q50"	1.3317584	3	2	1	2	1	0.67	0.5
"1"	"KE0090390191"	"G5118"	"q80"	13.114168	3	2	1	3	2	0.67	0.67
"1"	"KE0090390191"	"G5118"	"q90"	29.2367168	3	2	1	2	1	0.67	0.5
"1"	"KE0090390191"	"G5118"	"q95"	60.063694	3	2	1	1	0	0.67	0
"1"	"KE0090390191"	"G5118"	"rl2"	211.044769287109	3	2	1	1	0	0.67	0
"1"	"KE0090390191"	"KEGVS16"	"q80"	222.5526	3	2	1	3	2	0.67	0.67
"1"	"KE0090390191"	"KEGVS16"	"q90"	364.93944	3	2	1	2	1	0.67	0.5
"1"	"KE0090390191"	"KEGVS16"	"q95"	540.44836	3	2	1	2	1	0.67	0.5
"1"	"KE0090390191"	"KEGVS1"	"q95"	65.7686879999999	3	2	1	2	1	0.67	0.5
"1"	"KE0090390191"	"KEGVS1"	"rl2"	151.981307983398	3	2	1	1	0	0.67	0
"1"	"KE0090390191"	"KEGVS1"	"rl5"	277.656982421875	3	2	1	1	0	0.67	0
"1"	"KE0090390192"	"G5118"	"q50"	1.3317584	3	2	1	2	1	0.67	0.5
"1"	"KE0090390192"	"G5118"	"q80"	13.114168	3	2	1	3	2	0.67	0.67
"1"	"KE0090390192"	"G5118"	"q90"	29.2367168	3	2	1	2	1	0.67	0.5
"1"	"KE0090390192"	"G5118"	"q95"	60.063694	3	2	1	1	0	0.67	0
"1"	"KE0090390192"	"G5118"	"rl2"	211.044769287109	3	2	1	1	0	0.67	0
"1"	"KE0090390192"	"KEGVS16"	"q80"	222.5526	3	2	1	3	2	0.67	0.67
"1"	"KE0090390192"	"KEGVS16"	"q90"	364.93944	3	2	1	2	1	0.67	0.5
"1"	"KE0090390192"	"KEGVS16"	"q95"	540.44836	3	2	1	2	1	0.67	0.5
"1"	"KE0090390192"	"KEGVS1"	"q95"	65.7686879999999	3	2	1	2	1	0.67	0.5
"1"	"KE0090390192"	"KEGVS1"	"rl2"	151.981307983398	3	2	1	1	0	0.67	0
"1"	"KE0090390192"	"KEGVS1"	"rl5"	277.656982421875	3	2	1	1	0	0.67	0
"1"	"KE0090390193"	"G5118"	"q50"	1.3317584	3	2	1	2	1	0.67	0.5
"1"	"KE0090390193"	"G5118"	"q80"	13.114168	3	2	1	3	2	0.67	0.67
"1"	"KE0090390193"	"G5118"	"q90"	29.2367168	3	2	1	2	1	0.67	0.5
"1"	"KE0090390193"	"G5118"	"q95"	60.063694	3	2	1	1	0	0.67	0
"1"	"KE0090390193"	"G5118"	"rl2"	211.044769287109	3	2	1	1	0	0.67	0
"1"	"KE0090390193"	"KEGVS16"	"q80"	222.5526	3	2	1	3	2	0.67	0.67
"1"	"KE0090390193"	"KEGVS16"	"q90"	364.93944	3	2	1	2	1	0.67	0.5
"1"	"KE0090390193"	"KEGVS16"	"q95"	540.44836	3	2	1	2	1	0.67	0.5
"1"	"KE0090390193"	"KEGVS1"	"q95"	65.7686879999999	3	2	1	2	1	0.67	0.5
"1"	"KE0090390193"	"KEGVS1"	"rl2"	151.981307983398	3	2	1	1	0	0.67	0
"1"	"KE0090390193"	"KEGVS1"	"rl5"	277.656982421875	3	2	1	1	0	0.67	0
"1"	"KE0090390194"	"G5118"	"q50"	1.3317584	3	2	1	2	1	0.67	0.5
"1"	"KE0090390194"	"G5118"	"q80"	13.114168	3	2	1	3	2	0.67	0.67
"1"	"KE0090390194"	"G5118"	"q90"	29.2367168	3	2	1	2	1	0.67	0.5
"1"	"KE0090390194"	"G5118"	"q95"	60.063694	3	2	1	1	0	0.67	0
"1"	"KE0090390194"	"G5118"	"rl2"	211.044769287109	3	2	1	1	0	0.67	0
"1"	"KE0090390194"	"KEGVS16"	"q80"	222.5526	3	2	1	3	2	0.67	0.67
"1"	"KE0090390194"	"KEGVS16"	"q90"	364.93944	3	2	1	2	1	0.67	0.5
"1"	"KE0090390194"	"KEGVS16"	"q95"	540.44836	3	2	1	2	1	0.67	0.5
"1"	"KE0090390194"	"KEGVS1"	"q95"	65.7686879999999	3	2	1	2	1	0.67	0.5
"1"	"KE0090390194"	"KEGVS1"	"rl2"	151.981307983398	3	2	1	1	0	0.67	0
"1"	"KE0090390194"	"KEGVS1"	"rl5"	277.656982421875	3	2	1	1	0	0.67	0
"1"	"KE0090390195"	"G5118"	"q50"	1.3317584	3	2	1	2	1	0.67	0.5
"1"	"KE0090390195"	"G5118"	"q80"	13.114168	3	2	1	3	2	0.67	0.67
"1"	"KE0090390195"	"G5118"	"q90"	29.2367168	3	2	1	2	1	0.67	0.5
"1"	"KE0090390195"	"G5118"	"q95"	60.063694	3	2	1	1	0	0.67	0
"1"	"KE0090390195"	"G5118"	"rl2"	211.044769287109	3	2	1	1	0	0.67	0
"1"	"KE0090390195"	"KEGVS16"	"q80"	222.5526	3	2	1	3	2	0.67	0.67
"1"	"KE0090390195"	"KEGVS16"	"q90"	364.93944	3	2	1	2	1	0.67	0.5
"1"	"KE0090390195"	"KEGVS16"	"q95"	540.44836	3	2	1	2	1	0.67	0.5
"1"	"KE0090390195"	"KEGVS1"	"q95"	65.7686879999999	3	2	1	2	1	0.67	0.5
"1"	"KE0090390195"	"KEGVS1"	"rl2"	151.981307983398	3	2	1	1	0	0.67	0
"1"	"KE0090390195"	"KEGVS1"	"rl5"	277.656982421875	3	2	1	1	0	0.67	0
"1"	"KE0100450221"	"G5173"	"q95"	88.38189	5	4	1	9	5	0.8	0.56
"1"	"KE0100450221"	"G5173"	"rl2"	275.537933349609	5	1	4	1	0	0.2	0
"1"	"KE0100450221"	"KEGVS3"	"q90"	42.0967586	5	4	1	7	3	0.8	0.43
"1"	"KE0100450221"	"KEGVS3"	"q95"	71.68488	5	3	2	6	3	0.6	0.5
"1"	"KE0100450221"	"KEGVS3"	"rl2"	164.218231201172	5	1	4	1	0	0.2	0
"1"	"KE0100450221"	"KEGVS2"	"q95"	17.05115	5	4	1	7	3	0.8	0.43
"1"	"KE0100450221"	"KEGVS2"	"rl2"	71.5539016723633	5	3	2	3	0	0.6	0
"1"	"KE0100450221"	"KEGVS2"	"rl5"	178.36946105957	5	1	4	1	0	0.2	0
"1"	"KE0100450222"	"G5173"	"q95"	88.38189	5	4	1	9	5	0.8	0.56
"1"	"KE0100450222"	"G5173"	"rl2"	275.537933349609	5	1	4	1	0	0.2	0
"1"	"KE0100450222"	"KEGVS3"	"q90"	42.0967586	5	4	1	7	3	0.8	0.43
"1"	"KE0100450222"	"KEGVS3"	"q95"	71.68488	5	3	2	6	3	0.6	0.5
"1"	"KE0100450222"	"KEGVS3"	"rl2"	164.218231201172	5	1	4	1	0	0.2	0
"1"	"KE0100450222"	"KEGVS2"	"q95"	17.05115	5	4	1	7	3	0.8	0.43
"1"	"KE0100450222"	"KEGVS2"	"rl2"	71.5539016723633	5	3	2	3	0	0.6	0
"1"	"KE0100450222"	"KEGVS2"	"rl5"	178.36946105957	5	1	4	1	0	0.2	0
"1"	"KE0100450223"	"G5173"	"q95"	88.38189	5	4	1	9	5	0.8	0.56
"1"	"KE0100450223"	"G5173"	"rl2"	275.537933349609	5	1	4	1	0	0.2	0
"1"	"KE0100450223"	"KEGVS3"	"q90"	42.0967586	5	4	1	7	3	0.8	0.43
"1"	"KE0100450223"	"KEGVS3"	"q95"	71.68488	5	3	2	6	3	0.6	0.5
"1"	"KE0100450223"	"KEGVS3"	"rl2"	164.218231201172	5	1	4	1	0	0.2	0
"1"	"KE0100450223"	"KEGVS2"	"q95"	17.05115	5	4	1	7	3	0.8	0.43
"1"	"KE0100450223"	"KEGVS2"	"rl2"	71.5539016723633	5	3	2	3	0	0.6	0
"1"	"KE0100450223"	"KEGVS2"	"rl5"	178.36946105957	5	1	4	1	0	0.2	0
"1"	"KE0100450224"	"G5173"	"q95"	88.38189	5	4	1	9	5	0.8	0.56
"1"	"KE0100450224"	"G5173"	"rl2"	275.537933349609	5	1	4	1	0	0.2	0
"1"	"KE0100450224"	"KEGVS3"	"q90"	42.0967586	5	4	1	7	3	0.8	0.43
"1"	"KE0100450224"	"KEGVS3"	"q95"	71.68488	5	3	2	6	3	0.6	0.5
"1"	"KE0100450224"	"KEGVS3"	"rl2"	164.218231201172	5	1	4	1	0	0.2	0
"1"	"KE0100450224"	"KEGVS2"	"q95"	17.05115	5	4	1	7	3	0.8	0.43
"1"	"KE0100450224"	"KEGVS2"	"rl2"	71.5539016723633	5	3	2	3	0	0.6	0
"1"	"KE0100450224"	"KEGVS2"	"rl5"	178.36946105957	5	1	4	1	0	0.2	0
"1"	"KE0100450225"	"G5173"	"q95"	88.38189	5	4	1	9	5	0.8	0.56
"1"	"KE0100450225"	"G5173"	"rl2"	275.537933349609	5	1	4	1	0	0.2	0
"1"	"KE0100450225"	"KEGVS3"	"q90"	42.0967586	5	4	1	7	3	0.8	0.43
"1"	"KE0100450225"	"KEGVS3"	"q95"	71.68488	5	3	2	6	3	0.6	0.5
"1"	"KE0100450225"	"KEGVS3"	"rl2"	164.218231201172	5	1	4	1	0	0.2	0
"1"	"KE0100450225"	"KEGVS2"	"q95"	17.05115	5	4	1	7	3	0.8	0.43
"1"	"KE0100450225"	"KEGVS2"	"rl2"	71.5539016723633	5	3	2	3	0	0.6	0
"1"	"KE0100450225"	"KEGVS2"	"rl5"	178.36946105957	5	1	4	1	0	0.2	0
"1"	"KE0100450226"	"G5173"	"q95"	88.38189	5	4	1	9	5	0.8	0.56
"1"	"KE0100450226"	"G5173"	"rl2"	275.537933349609	5	1	4	1	0	0.2	0
"1"	"KE0100450226"	"KEGVS3"	"q90"	42.0967586	5	4	1	7	3	0.8	0.43
"1"	"KE0100450226"	"KEGVS3"	"q95"	71.68488	5	3	2	6	3	0.6	0.5
"1"	"KE0100450226"	"KEGVS3"	"rl2"	164.218231201172	5	1	4	1	0	0.2	0
"1"	"KE0100450226"	"KEGVS2"	"q95"	17.05115	5	4	1	7	3	0.8	0.43
"1"	"KE0100450226"	"KEGVS2"	"rl2"	71.5539016723633	5	3	2	3	0	0.6	0
"1"	"KE0100450226"	"KEGVS2"	"rl5"	178.36946105957	5	1	4	1	0	0.2	0
"1"	"KE0100450227"	"G5173"	"q95"	88.38189	5	4	1	9	5	0.8	0.56
"1"	"KE0100450227"	"G5173"	"rl2"	275.537933349609	5	1	4	1	0	0.2	0
"1"	"KE0100450227"	"KEGVS3"	"q90"	42.0967586	5	4	1	7	3	0.8	0.43
"1"	"KE0100450227"	"KEGVS3"	"q95"	71.68488	5	3	2	6	3	0.6	0.5
"1"	"KE0100450227"	"KEGVS3"	"rl2"	164.218231201172	5	1	4	1	0	0.2	0
"1"	"KE0100450227"	"KEGVS2"	"q95"	17.05115	5	4	1	7	3	0.8	0.43
"1"	"KE0100450227"	"KEGVS2"	"rl2"	71.5539016723633	5	3	2	3	0	0.6	0
"1"	"KE0100450227"	"KEGVS2"	"rl5"	178.36946105957	5	1	4	1	0	0.2	0
"1"	"KE0100460228"	"KEGVS3"	"q90"	42.0967586	4	2	2	5	3	0.5	0.6
"1"	"KE0100460228"	"KEGVS3"	"q95"	71.68488	4	1	3	4	3	0.25	0.75
"1"	"KE0100460228"	"KEGVS2"	"q95"	17.05115	4	3	1	6	4	0.75	0.67
"1"	"KE0100460229"	"KEGVS3"	"q90"	42.0967586	4	2	2	5	3	0.5	0.6
"1"	"KE0100460229"	"KEGVS3"	"q95"	71.68488	4	1	3	4	3	0.25	0.75
"1"	"KE0100460229"	"KEGVS2"	"q95"	17.05115	4	3	1	6	4	0.75	0.67
"1"	"KE0100460230"	"KEGVS3"	"q90"	42.0967586	4	2	2	5	3	0.5	0.6
"1"	"KE0100460230"	"KEGVS3"	"q95"	71.68488	4	1	3	4	3	0.25	0.75
"1"	"KE0100460230"	"KEGVS2"	"q95"	17.05115	4	3	1	6	4	0.75	0.67
"1"	"KE0100460231"	"KEGVS3"	"q90"	42.0967586	4	2	2	5	3	0.5	0.6
"1"	"KE0100460231"	"KEGVS3"	"q95"	71.68488	4	1	3	4	3	0.25	0.75
"1"	"KE0100460231"	"KEGVS2"	"q95"	17.05115	4	3	1	6	4	0.75	0.67
"1"	"KE0100460232"	"KEGVS3"	"q90"	42.0967586	4	2	2	5	3	0.5	0.6
"1"	"KE0100460232"	"KEGVS3"	"q95"	71.68488	4	1	3	4	3	0.25	0.75
"1"	"KE0100460232"	"KEGVS2"	"q95"	17.05115	4	3	1	6	4	0.75	0.67
"1"	"KE0100480236"	"G5173"	"q80"	17.629416	6	4	2	12	9	0.67	0.75
"1"	"KE0100480236"	"G5173"	"q90"	43.607384	6	3	3	11	9	0.5	0.82
"1"	"KE0100480236"	"G5173"	"q95"	88.38189	6	3	3	11	9	0.5	0.82
"1"	"KE0100480236"	"G5173"	"rl2"	275.537933349609	6	1	5	1	0	0.17	0
"1"	"KE0100480236"	"KEGVS3"	"q50"	6.2720103	6	4	2	8	5	0.67	0.62
"1"	"KE0100480236"	"KEGVS3"	"q80"	22.020576	6	4	2	11	8	0.67	0.73
"1"	"KE0100480236"	"KEGVS3"	"q90"	42.0967586	6	3	3	9	7	0.5	0.78
"1"	"KE0100480236"	"KEGVS3"	"q95"	71.68488	6	2	4	8	6	0.33	0.75
"1"	"KE0100480236"	"KEGVS3"	"rl2"	164.218231201172	6	1	5	1	0	0.17	0
"1"	"KE0100480236"	"KEGVS2"	"q50"	0.35682604	6	5	1	11	8	0.83	0.73
"1"	"KE0100480236"	"KEGVS2"	"q80"	3.305287	6	2	4	12	11	0.33	0.92
"1"	"KE0100480236"	"KEGVS2"	"q90"	8.1019871	6	2	4	12	11	0.33	0.92
"1"	"KE0100480236"	"KEGVS2"	"q95"	17.05115	6	2	4	8	7	0.33	0.88
"1"	"KE0100480236"	"KEGVS2"	"rl2"	71.5539016723633	6	1	5	2	1	0.17	0.5
"1"	"KE0100480236"	"KEGVS2"	"rl5"	178.36946105957	6	1	5	1	0	0.17	0
"1"	"KE0100480237"	"G5173"	"q80"	17.629416	6	4	2	12	9	0.67	0.75
"1"	"KE0100480237"	"G5173"	"q90"	43.607384	6	3	3	11	9	0.5	0.82
"1"	"KE0100480237"	"G5173"	"q95"	88.38189	6	3	3	11	9	0.5	0.82
"1"	"KE0100480237"	"G5173"	"rl2"	275.537933349609	6	1	5	1	0	0.17	0
"1"	"KE0100480237"	"KEGVS3"	"q50"	6.2720103	6	4	2	8	5	0.67	0.62
"1"	"KE0100480237"	"KEGVS3"	"q80"	22.020576	6	4	2	11	8	0.67	0.73
"1"	"KE0100480237"	"KEGVS3"	"q90"	42.0967586	6	3	3	9	7	0.5	0.78
"1"	"KE0100480237"	"KEGVS3"	"q95"	71.68488	6	2	4	8	6	0.33	0.75
"1"	"KE0100480237"	"KEGVS3"	"rl2"	164.218231201172	6	1	5	1	0	0.17	0
"1"	"KE0100480237"	"KEGVS2"	"q50"	0.35682604	6	5	1	11	8	0.83	0.73
"1"	"KE0100480237"	"KEGVS2"	"q80"	3.305287	6	2	4	12	11	0.33	0.92
"1"	"KE0100480237"	"KEGVS2"	"q90"	8.1019871	6	2	4	12	11	0.33	0.92
"1"	"KE0100480237"	"KEGVS2"	"q95"	17.05115	6	2	4	8	7	0.33	0.88
"1"	"KE0100480237"	"KEGVS2"	"rl2"	71.5539016723633	6	1	5	2	1	0.17	0.5
"1"	"KE0100480237"	"KEGVS2"	"rl5"	178.36946105957	6	1	5	1	0	0.17	0
"1"	"KE0100480238"	"G5173"	"q80"	17.629416	6	4	2	12	9	0.67	0.75
"1"	"KE0100480238"	"G5173"	"q90"	43.607384	6	3	3	11	9	0.5	0.82
"1"	"KE0100480238"	"G5173"	"q95"	88.38189	6	3	3	11	9	0.5	0.82
"1"	"KE0100480238"	"G5173"	"rl2"	275.537933349609	6	1	5	1	0	0.17	0
"1"	"KE0100480238"	"KEGVS3"	"q50"	6.2720103	6	4	2	8	5	0.67	0.62
"1"	"KE0100480238"	"KEGVS3"	"q80"	22.020576	6	4	2	11	8	0.67	0.73
"1"	"KE0100480238"	"KEGVS3"	"q90"	42.0967586	6	3	3	9	7	0.5	0.78
"1"	"KE0100480238"	"KEGVS3"	"q95"	71.68488	6	2	4	8	6	0.33	0.75
"1"	"KE0100480238"	"KEGVS3"	"rl2"	164.218231201172	6	1	5	1	0	0.17	0
"1"	"KE0100480238"	"KEGVS2"	"q50"	0.35682604	6	5	1	11	8	0.83	0.73
"1"	"KE0100480238"	"KEGVS2"	"q80"	3.305287	6	2	4	12	11	0.33	0.92
"1"	"KE0100480238"	"KEGVS2"	"q90"	8.1019871	6	2	4	12	11	0.33	0.92
"1"	"KE0100480238"	"KEGVS2"	"q95"	17.05115	6	2	4	8	7	0.33	0.88
"1"	"KE0100480238"	"KEGVS2"	"rl2"	71.5539016723633	6	1	5	2	1	0.17	0.5
"1"	"KE0100480238"	"KEGVS2"	"rl5"	178.36946105957	6	1	5	1	0	0.17	0
"1"	"KE0100480239"	"G5173"	"q80"	17.629416	6	4	2	12	9	0.67	0.75
"1"	"KE0100480239"	"G5173"	"q90"	43.607384	6	3	3	11	9	0.5	0.82
"1"	"KE0100480239"	"G5173"	"q95"	88.38189	6	3	3	11	9	0.5	0.82
"1"	"KE0100480239"	"G5173"	"rl2"	275.537933349609	6	1	5	1	0	0.17	0
"1"	"KE0100480239"	"KEGVS3"	"q50"	6.2720103	6	4	2	8	5	0.67	0.62
"1"	"KE0100480239"	"KEGVS3"	"q80"	22.020576	6	4	2	11	8	0.67	0.73
"1"	"KE0100480239"	"KEGVS3"	"q90"	42.0967586	6	3	3	9	7	0.5	0.78
"1"	"KE0100480239"	"KEGVS3"	"q95"	71.68488	6	2	4	8	6	0.33	0.75
"1"	"KE0100480239"	"KEGVS3"	"rl2"	164.218231201172	6	1	5	1	0	0.17	0
"1"	"KE0100480239"	"KEGVS2"	"q50"	0.35682604	6	5	1	11	8	0.83	0.73
"1"	"KE0100480239"	"KEGVS2"	"q80"	3.305287	6	2	4	12	11	0.33	0.92
"1"	"KE0100480239"	"KEGVS2"	"q90"	8.1019871	6	2	4	12	11	0.33	0.92
"1"	"KE0100480239"	"KEGVS2"	"q95"	17.05115	6	2	4	8	7	0.33	0.88
"1"	"KE0100480239"	"KEGVS2"	"rl2"	71.5539016723633	6	1	5	2	1	0.17	0.5
"1"	"KE0100480239"	"KEGVS2"	"rl5"	178.36946105957	6	1	5	1	0	0.17	0
"1"	"KE0100480240"	"G5173"	"q80"	17.629416	6	4	2	12	9	0.67	0.75
"1"	"KE0100480240"	"G5173"	"q90"	43.607384	6	3	3	11	9	0.5	0.82
"1"	"KE0100480240"	"G5173"	"q95"	88.38189	6	3	3	11	9	0.5	0.82
"1"	"KE0100480240"	"G5173"	"rl2"	275.537933349609	6	1	5	1	0	0.17	0
"1"	"KE0100480240"	"KEGVS3"	"q50"	6.2720103	6	4	2	8	5	0.67	0.62
"1"	"KE0100480240"	"KEGVS3"	"q80"	22.020576	6	4	2	11	8	0.67	0.73
"1"	"KE0100480240"	"KEGVS3"	"q90"	42.0967586	6	3	3	9	7	0.5	0.78
"1"	"KE0100480240"	"KEGVS3"	"q95"	71.68488	6	2	4	8	6	0.33	0.75
"1"	"KE0100480240"	"KEGVS3"	"rl2"	164.218231201172	6	1	5	1	0	0.17	0
"1"	"KE0100480240"	"KEGVS2"	"q50"	0.35682604	6	5	1	11	8	0.83	0.73
"1"	"KE0100480240"	"KEGVS2"	"q80"	3.305287	6	2	4	12	11	0.33	0.92
"1"	"KE0100480240"	"KEGVS2"	"q90"	8.1019871	6	2	4	12	11	0.33	0.92
"1"	"KE0100480240"	"KEGVS2"	"q95"	17.05115	6	2	4	8	7	0.33	0.88
"1"	"KE0100480240"	"KEGVS2"	"rl2"	71.5539016723633	6	1	5	2	1	0.17	0.5
"1"	"KE0100480240"	"KEGVS2"	"rl5"	178.36946105957	6	1	5	1	0	0.17	0
"1"	"KE0110490241"	"KEGVS21"	"q80"	156.40506	9	8	1	23	19	0.89	0.83
"1"	"KE0110490241"	"KEGVS21"	"q90"	265.536888	9	5	4	20	17	0.56	0.85
"1"	"KE0110490241"	"KEGVS21"	"q95"	374.741359999999	9	4	5	12	10	0.44	0.83
"1"	"KE0110490241"	"KEGVS3"	"q90"	42.0967586	9	7	2	18	15	0.78	0.83
"1"	"KE0110490241"	"G5208"	"q80"	14.384909	9	7	2	18	14	0.78	0.78
"1"	"KE0110490241"	"G5208"	"q90"	38.779209	9	4	5	16	14	0.44	0.88
"1"	"KE0110490241"	"G5208"	"q95"	71.198235	9	4	5	18	16	0.44	0.89
"1"	"KE0110490241"	"KEGVS2"	"q90"	8.1019871	9	5	4	18	15	0.56	0.83
"1"	"KE0110490241"	"KEGVS2"	"q95"	17.05115	9	2	7	12	10	0.22	0.83
"1"	"KE0110490242"	"KEGVS21"	"q80"	156.40506	9	8	1	23	19	0.89	0.83
"1"	"KE0110490242"	"KEGVS21"	"q90"	265.536888	9	5	4	20	17	0.56	0.85
"1"	"KE0110490242"	"KEGVS21"	"q95"	374.741359999999	9	4	5	12	10	0.44	0.83
"1"	"KE0110490242"	"KEGVS3"	"q90"	42.0967586	9	7	2	18	15	0.78	0.83
"1"	"KE0110490242"	"G5208"	"q80"	14.384909	9	7	2	18	14	0.78	0.78
"1"	"KE0110490242"	"G5208"	"q90"	38.779209	9	4	5	16	14	0.44	0.88
"1"	"KE0110490242"	"G5208"	"q95"	71.198235	9	4	5	18	16	0.44	0.89
"1"	"KE0110490242"	"KEGVS2"	"q90"	8.1019871	9	5	4	18	15	0.56	0.83
"1"	"KE0110490242"	"KEGVS2"	"q95"	17.05115	9	2	7	12	10	0.22	0.83
"1"	"KE0110490243"	"KEGVS21"	"q80"	156.40506	9	8	1	23	19	0.89	0.83
"1"	"KE0110490243"	"KEGVS21"	"q90"	265.536888	9	5	4	20	17	0.56	0.85
"1"	"KE0110490243"	"KEGVS21"	"q95"	374.741359999999	9	4	5	12	10	0.44	0.83
"1"	"KE0110490243"	"KEGVS3"	"q90"	42.0967586	9	7	2	18	15	0.78	0.83
"1"	"KE0110490243"	"G5208"	"q80"	14.384909	9	7	2	18	14	0.78	0.78
"1"	"KE0110490243"	"G5208"	"q90"	38.779209	9	4	5	16	14	0.44	0.88
"1"	"KE0110490243"	"G5208"	"q95"	71.198235	9	4	5	18	16	0.44	0.89
"1"	"KE0110490243"	"KEGVS2"	"q90"	8.1019871	9	5	4	18	15	0.56	0.83
"1"	"KE0110490243"	"KEGVS2"	"q95"	17.05115	9	2	7	12	10	0.22	0.83
"1"	"KE0110490244"	"KEGVS21"	"q80"	156.40506	9	8	1	23	19	0.89	0.83
"1"	"KE0110490244"	"KEGVS21"	"q90"	265.536888	9	5	4	20	17	0.56	0.85
"1"	"KE0110490244"	"KEGVS21"	"q95"	374.741359999999	9	4	5	12	10	0.44	0.83
"1"	"KE0110490244"	"KEGVS3"	"q90"	42.0967586	9	7	2	18	15	0.78	0.83
"1"	"KE0110490244"	"G5208"	"q80"	14.384909	9	7	2	18	14	0.78	0.78
"1"	"KE0110490244"	"G5208"	"q90"	38.779209	9	4	5	16	14	0.44	0.88
"1"	"KE0110490244"	"G5208"	"q95"	71.198235	9	4	5	18	16	0.44	0.89
"1"	"KE0110490244"	"KEGVS2"	"q90"	8.1019871	9	5	4	18	15	0.56	0.83
"1"	"KE0110490244"	"KEGVS2"	"q95"	17.05115	9	2	7	12	10	0.22	0.83
"1"	"KE0110490245"	"KEGVS21"	"q80"	156.40506	9	8	1	23	19	0.89	0.83
"1"	"KE0110490245"	"KEGVS21"	"q90"	265.536888	9	5	4	20	17	0.56	0.85
"1"	"KE0110490245"	"KEGVS21"	"q95"	374.741359999999	9	4	5	12	10	0.44	0.83
"1"	"KE0110490245"	"KEGVS3"	"q90"	42.0967586	9	7	2	18	15	0.78	0.83
"1"	"KE0110490245"	"G5208"	"q80"	14.384909	9	7	2	18	14	0.78	0.78
"1"	"KE0110490245"	"G5208"	"q90"	38.779209	9	4	5	16	14	0.44	0.88
"1"	"KE0110490245"	"G5208"	"q95"	71.198235	9	4	5	18	16	0.44	0.89
"1"	"KE0110490245"	"KEGVS2"	"q90"	8.1019871	9	5	4	18	15	0.56	0.83
"1"	"KE0110490245"	"KEGVS2"	"q95"	17.05115	9	2	7	12	10	0.22	0.83
"1"	"KE0110490246"	"KEGVS21"	"q80"	156.40506	9	8	1	23	19	0.89	0.83
"1"	"KE0110490246"	"KEGVS21"	"q90"	265.536888	9	5	4	20	17	0.56	0.85
"1"	"KE0110490246"	"KEGVS21"	"q95"	374.741359999999	9	4	5	12	10	0.44	0.83
"1"	"KE0110490246"	"KEGVS3"	"q90"	42.0967586	9	7	2	18	15	0.78	0.83
"1"	"KE0110490246"	"G5208"	"q80"	14.384909	9	7	2	18	14	0.78	0.78
"1"	"KE0110490246"	"G5208"	"q90"	38.779209	9	4	5	16	14	0.44	0.88
"1"	"KE0110490246"	"G5208"	"q95"	71.198235	9	4	5	18	16	0.44	0.89
"1"	"KE0110490246"	"KEGVS2"	"q90"	8.1019871	9	5	4	18	15	0.56	0.83
"1"	"KE0110490246"	"KEGVS2"	"q95"	17.05115	9	2	7	12	10	0.22	0.83
"1"	"KE0110490247"	"KEGVS21"	"q80"	156.40506	9	8	1	23	19	0.89	0.83
"1"	"KE0110490247"	"KEGVS21"	"q90"	265.536888	9	5	4	20	17	0.56	0.85
"1"	"KE0110490247"	"KEGVS21"	"q95"	374.741359999999	9	4	5	12	10	0.44	0.83
"1"	"KE0110490247"	"KEGVS3"	"q90"	42.0967586	9	7	2	18	15	0.78	0.83
"1"	"KE0110490247"	"G5208"	"q80"	14.384909	9	7	2	18	14	0.78	0.78
"1"	"KE0110490247"	"G5208"	"q90"	38.779209	9	4	5	16	14	0.44	0.88
"1"	"KE0110490247"	"G5208"	"q95"	71.198235	9	4	5	18	16	0.44	0.89
"1"	"KE0110490247"	"KEGVS2"	"q90"	8.1019871	9	5	4	18	15	0.56	0.83
"1"	"KE0110490247"	"KEGVS2"	"q95"	17.05115	9	2	7	12	10	0.22	0.83
"1"	"KE0110500248"	"KEGVS21"	"q80"	156.40506	6	4	2	19	16	0.67	0.84
"1"	"KE0110500248"	"KEGVS21"	"q90"	265.536888	6	3	3	16	14	0.5	0.88
"1"	"KE0110500248"	"KEGVS21"	"q95"	374.741359999999	6	3	3	8	6	0.5	0.75
"1"	"KE0110500248"	"KEGVS3"	"q90"	42.0967586	6	4	2	15	12	0.67	0.8
"1"	"KE0110500248"	"KEGVS3"	"q95"	71.68488	6	2	4	12	11	0.33	0.92
"1"	"KE0110500248"	"G5208"	"q80"	14.384909	6	4	2	14	11	0.67	0.79
"1"	"KE0110500248"	"G5208"	"q90"	38.779209	6	3	3	13	11	0.5	0.85
"1"	"KE0110500248"	"G5208"	"q95"	71.198235	6	3	3	14	12	0.5	0.86
"1"	"KE0110500248"	"G5208"	"rl2"	177.129745483398	6	2	4	2	1	0.33	0.5
"1"	"KE0110500248"	"KEGVS2"	"q80"	3.305287	6	5	1	18	15	0.83	0.83
"1"	"KE0110500248"	"KEGVS2"	"q90"	8.1019871	6	3	3	14	12	0.5	0.86
"1"	"KE0110500248"	"KEGVS2"	"q95"	17.05115	6	2	4	8	7	0.33	0.88
"1"	"KE0110500249"	"KEGVS21"	"q80"	156.40506	6	4	2	19	16	0.67	0.84
"1"	"KE0110500249"	"KEGVS21"	"q90"	265.536888	6	3	3	16	14	0.5	0.88
"1"	"KE0110500249"	"KEGVS21"	"q95"	374.741359999999	6	3	3	8	6	0.5	0.75
"1"	"KE0110500249"	"KEGVS3"	"q90"	42.0967586	6	4	2	15	12	0.67	0.8
"1"	"KE0110500249"	"KEGVS3"	"q95"	71.68488	6	2	4	12	11	0.33	0.92
"1"	"KE0110500249"	"G5208"	"q80"	14.384909	6	4	2	14	11	0.67	0.79
"1"	"KE0110500249"	"G5208"	"q90"	38.779209	6	3	3	13	11	0.5	0.85
"1"	"KE0110500249"	"G5208"	"q95"	71.198235	6	3	3	14	12	0.5	0.86
"1"	"KE0110500249"	"G5208"	"rl2"	177.129745483398	6	2	4	2	1	0.33	0.5
"1"	"KE0110500249"	"KEGVS2"	"q80"	3.305287	6	5	1	18	15	0.83	0.83
"1"	"KE0110500249"	"KEGVS2"	"q90"	8.1019871	6	3	3	14	12	0.5	0.86
"1"	"KE0110500249"	"KEGVS2"	"q95"	17.05115	6	2	4	8	7	0.33	0.88
"1"	"KE0110500250"	"KEGVS21"	"q80"	156.40506	6	4	2	19	16	0.67	0.84
"1"	"KE0110500250"	"KEGVS21"	"q90"	265.536888	6	3	3	16	14	0.5	0.88
"1"	"KE0110500250"	"KEGVS21"	"q95"	374.741359999999	6	3	3	8	6	0.5	0.75
"1"	"KE0110500250"	"KEGVS3"	"q90"	42.0967586	6	4	2	15	12	0.67	0.8
"1"	"KE0110500250"	"KEGVS3"	"q95"	71.68488	6	2	4	12	11	0.33	0.92
"1"	"KE0110500250"	"G5208"	"q80"	14.384909	6	4	2	14	11	0.67	0.79
"1"	"KE0110500250"	"G5208"	"q90"	38.779209	6	3	3	13	11	0.5	0.85
"1"	"KE0110500250"	"G5208"	"q95"	71.198235	6	3	3	14	12	0.5	0.86
"1"	"KE0110500250"	"G5208"	"rl2"	177.129745483398	6	2	4	2	1	0.33	0.5
"1"	"KE0110500250"	"KEGVS2"	"q80"	3.305287	6	5	1	18	15	0.83	0.83
"1"	"KE0110500250"	"KEGVS2"	"q90"	8.1019871	6	3	3	14	12	0.5	0.86
"1"	"KE0110500250"	"KEGVS2"	"q95"	17.05115	6	2	4	8	7	0.33	0.88
"1"	"KE0140650323"	"G5299"	"q90"	124.235085	3	2	1	1	0	0.67	0
"1"	"KE0140650323"	"G5299"	"q95"	169.19077	3	2	1	1	0	0.67	0
"1"	"KE0140650324"	"G5299"	"q90"	124.235085	3	2	1	1	0	0.67	0
"1"	"KE0140650324"	"G5299"	"q95"	169.19077	3	2	1	1	0	0.67	0
"1"	"KE0140650325"	"G5299"	"q90"	124.235085	3	2	1	1	0	0.67	0
"1"	"KE0140650325"	"G5299"	"q95"	169.19077	3	2	1	1	0	0.67	0
"1"	"KE0140650326"	"G5299"	"q90"	124.235085	3	2	1	1	0	0.67	0
"1"	"KE0140650326"	"G5299"	"q95"	169.19077	3	2	1	1	0	0.67	0
"1"	"KE0140650327"	"G5299"	"q90"	124.235085	3	2	1	1	0	0.67	0
"1"	"KE0140650327"	"G5299"	"q95"	169.19077	3	2	1	1	0	0.67	0
"1"	"KE0150710350"	"G5118"	"rl2"	211.044769287109	4	1	3	1	0	0.25	0
"1"	"KE0150710350"	"KEGVS23"	"rl2"	182.654083251953	4	1	3	2	1	0.25	0.5
"1"	"KE0150710351"	"G5118"	"rl2"	211.044769287109	4	1	3	1	0	0.25	0
"1"	"KE0150710351"	"KEGVS23"	"rl2"	182.654083251953	4	1	3	2	1	0.25	0.5
"1"	"KE0150710352"	"G5118"	"rl2"	211.044769287109	4	1	3	1	0	0.25	0
"1"	"KE0150710352"	"KEGVS23"	"rl2"	182.654083251953	4	1	3	2	1	0.25	0.5
"1"	"KE0150710353"	"G5118"	"rl2"	211.044769287109	4	1	3	1	0	0.25	0
"1"	"KE0150710353"	"KEGVS23"	"rl2"	182.654083251953	4	1	3	2	1	0.25	0.5
"1"	"KE0150740365"	"G5118"	"q80"	13.114168	2	1	1	16	15	0.5	0.94
"1"	"KE0150740365"	"KEGVS23"	"q90"	23.7512	2	1	1	14	13	0.5	0.93
"1"	"KE0150740366"	"G5118"	"q80"	13.114168	2	1	1	16	15	0.5	0.94
"1"	"KE0150740366"	"KEGVS23"	"q90"	23.7512	2	1	1	14	13	0.5	0.93
"1"	"KE0150740367"	"G5118"	"q80"	13.114168	2	1	1	16	15	0.5	0.94
"1"	"KE0150740367"	"KEGVS23"	"q90"	23.7512	2	1	1	14	13	0.5	0.93
"1"	"KE0150740368"	"G5118"	"q80"	13.114168	2	1	1	16	15	0.5	0.94
"1"	"KE0150740368"	"KEGVS23"	"q90"	23.7512	2	1	1	14	13	0.5	0.93
"1"	"KE0150740369"	"G5118"	"q80"	13.114168	2	1	1	16	15	0.5	0.94
"1"	"KE0150740369"	"KEGVS23"	"q90"	23.7512	2	1	1	14	13	0.5	0.93
"1"	"KE0150740370"	"G5118"	"q80"	13.114168	2	1	1	16	15	0.5	0.94
"1"	"KE0150740370"	"KEGVS23"	"q90"	23.7512	2	1	1	14	13	0.5	0.93
"1"	"KE0160800394"	"G5142"	"q80"	10.177249	14	12	2	9	3	0.86	0.33
"1"	"KE0160800394"	"G5142"	"q90"	19.134172	14	9	5	8	4	0.64	0.5
"1"	"KE0160800394"	"G5142"	"q95"	34.633698	14	8	6	4	1	0.57	0.25
"1"	"KE0160800394"	"G5142"	"rl2"	88.3043060302734	14	1	13	1	0	0.07	0
"1"	"KE0160800395"	"G5142"	"q80"	10.177249	14	12	2	9	3	0.86	0.33
"1"	"KE0160800395"	"G5142"	"q90"	19.134172	14	9	5	8	4	0.64	0.5
"1"	"KE0160800395"	"G5142"	"q95"	34.633698	14	8	6	4	1	0.57	0.25
"1"	"KE0160800395"	"G5142"	"rl2"	88.3043060302734	14	1	13	1	0	0.07	0
"1"	"KE0160800396"	"G5142"	"q80"	10.177249	14	12	2	9	3	0.86	0.33
"1"	"KE0160800396"	"G5142"	"q90"	19.134172	14	9	5	8	4	0.64	0.5
"1"	"KE0160800396"	"G5142"	"q95"	34.633698	14	8	6	4	1	0.57	0.25
"1"	"KE0160800396"	"G5142"	"rl2"	88.3043060302734	14	1	13	1	0	0.07	0
"1"	"KE0160800397"	"G5142"	"q80"	10.177249	14	12	2	9	3	0.86	0.33
"1"	"KE0160800397"	"G5142"	"q90"	19.134172	14	9	5	8	4	0.64	0.5
"1"	"KE0160800397"	"G5142"	"q95"	34.633698	14	8	6	4	1	0.57	0.25
"1"	"KE0160800397"	"G5142"	"rl2"	88.3043060302734	14	1	13	1	0	0.07	0
"1"	"KE0170860424"	"KEGVS23"	"q95"	50.864777	6	5	1	4	2	0.83	0.5
"1"	"KE0170860424"	"KEGVS23"	"rl2"	182.654083251953	6	2	4	1	0	0.33	0
"1"	"KE0170860425"	"KEGVS23"	"q95"	50.864777	6	5	1	4	2	0.83	0.5
"1"	"KE0170860425"	"KEGVS23"	"rl2"	182.654083251953	6	2	4	1	0	0.33	0
"1"	"KE0170860426"	"KEGVS23"	"q95"	50.864777	6	5	1	4	2	0.83	0.5
"1"	"KE0170860426"	"KEGVS23"	"rl2"	182.654083251953	6	2	4	1	0	0.33	0
"1"	"KE0170860427"	"KEGVS23"	"q95"	50.864777	6	5	1	4	2	0.83	0.5
"1"	"KE0170860427"	"KEGVS23"	"rl2"	182.654083251953	6	2	4	1	0	0.33	0
"1"	"KE0170860428"	"KEGVS23"	"q95"	50.864777	6	5	1	4	2	0.83	0.5
"1"	"KE0170860428"	"KEGVS23"	"rl2"	182.654083251953	6	2	4	1	0	0.33	0
"1"	"KE0170860429"	"KEGVS23"	"q95"	50.864777	6	5	1	4	2	0.83	0.5
"1"	"KE0170860429"	"KEGVS23"	"rl2"	182.654083251953	6	2	4	1	0	0.33	0
"1"	"KE0170860430"	"KEGVS23"	"q95"	50.864777	6	5	1	4	2	0.83	0.5
"1"	"KE0170860430"	"KEGVS23"	"rl2"	182.654083251953	6	2	4	1	0	0.33	0
"1"	"KE0170870431"	"KEGVS23"	"q80"	10.701686	3	1	2	11	10	0.33	0.91
"1"	"KE0170870431"	"KEGVS23"	"q90"	23.7512	3	1	2	9	8	0.33	0.89
"1"	"KE0170870431"	"KEGVS23"	"q95"	50.864777	3	1	2	8	7	0.33	0.88
"1"	"KE0170870432"	"KEGVS23"	"q80"	10.701686	3	1	2	11	10	0.33	0.91
"1"	"KE0170870432"	"KEGVS23"	"q90"	23.7512	3	1	2	9	8	0.33	0.89
"1"	"KE0170870432"	"KEGVS23"	"q95"	50.864777	3	1	2	8	7	0.33	0.88
"1"	"KE0170870433"	"KEGVS23"	"q80"	10.701686	3	1	2	11	10	0.33	0.91
"1"	"KE0170870433"	"KEGVS23"	"q90"	23.7512	3	1	2	9	8	0.33	0.89
"1"	"KE0170870433"	"KEGVS23"	"q95"	50.864777	3	1	2	8	7	0.33	0.88
"1"	"KE0170870434"	"KEGVS23"	"q80"	10.701686	3	1	2	11	10	0.33	0.91
"1"	"KE0170870434"	"KEGVS23"	"q90"	23.7512	3	1	2	9	8	0.33	0.89
"1"	"KE0170870434"	"KEGVS23"	"q95"	50.864777	3	1	2	8	7	0.33	0.88
"1"	"KE0170870435"	"KEGVS23"	"q80"	10.701686	3	1	2	11	10	0.33	0.91
"1"	"KE0170870435"	"KEGVS23"	"q90"	23.7512	3	1	2	9	8	0.33	0.89
"1"	"KE0170870435"	"KEGVS23"	"q95"	50.864777	3	1	2	8	7	0.33	0.88
"1"	"KE0170870436"	"KEGVS23"	"q80"	10.701686	3	1	2	11	10	0.33	0.91
"1"	"KE0170870436"	"KEGVS23"	"q90"	23.7512	3	1	2	9	8	0.33	0.89
"1"	"KE0170870436"	"KEGVS23"	"q95"	50.864777	3	1	2	8	7	0.33	0.88
"1"	"KE0190980487"	"G5218"	"q80"	76.834305	2	1	1	2	1	0.5	0.5
"1"	"KE0190980487"	"G5218"	"q90"	111.55885	2	1	1	2	1	0.5	0.5
"1"	"KE0190980488"	"G5218"	"q80"	76.834305	2	1	1	2	1	0.5	0.5
"1"	"KE0190980488"	"G5218"	"q90"	111.55885	2	1	1	2	1	0.5	0.5
"1"	"KE0190980489"	"G5218"	"q80"	76.834305	2	1	1	2	1	0.5	0.5
"1"	"KE0190980489"	"G5218"	"q90"	111.55885	2	1	1	2	1	0.5	0.5
"1"	"KE0190980490"	"G5218"	"q80"	76.834305	2	1	1	2	1	0.5	0.5
"1"	"KE0190980490"	"G5218"	"q90"	111.55885	2	1	1	2	1	0.5	0.5
"1"	"KE0211040516"	"G5450"	"q90"	132.695474	4	1	3	7	6	0.25	0.86
"1"	"KE0211040516"	"G5450"	"q95"	185.64964	4	1	3	2	1	0.25	0.5
"1"	"KE0211040516"	"G5218"	"q80"	76.834305	4	3	1	12	9	0.75	0.75
"1"	"KE0211040516"	"G5218"	"q90"	111.55885	4	1	3	7	6	0.25	0.86
"1"	"KE0211040516"	"G5218"	"q95"	155.25873	4	1	3	3	2	0.25	0.67
"1"	"KE0211040517"	"G5450"	"q90"	132.695474	4	1	3	7	6	0.25	0.86
"1"	"KE0211040517"	"G5450"	"q95"	185.64964	4	1	3	2	1	0.25	0.5
"1"	"KE0211040517"	"G5218"	"q80"	76.834305	4	3	1	12	9	0.75	0.75
"1"	"KE0211040517"	"G5218"	"q90"	111.55885	4	1	3	7	6	0.25	0.86
"1"	"KE0211040517"	"G5218"	"q95"	155.25873	4	1	3	3	2	0.25	0.67
"1"	"KE0211040518"	"G5450"	"q90"	132.695474	4	1	3	7	6	0.25	0.86
"1"	"KE0211040518"	"G5450"	"q95"	185.64964	4	1	3	2	1	0.25	0.5
"1"	"KE0211040518"	"G5218"	"q80"	76.834305	4	3	1	12	9	0.75	0.75
"1"	"KE0211040518"	"G5218"	"q90"	111.55885	4	1	3	7	6	0.25	0.86
"1"	"KE0211040518"	"G5218"	"q95"	155.25873	4	1	3	3	2	0.25	0.67
"1"	"KE0211070528"	"G5450"	"q80"	89.9827180000001	6	5	1	11	8	0.83	0.73
"1"	"KE0211070528"	"G5450"	"q90"	132.695474	6	1	5	7	6	0.17	0.86
"1"	"KE0211070528"	"G5450"	"q95"	185.64964	6	1	5	2	1	0.17	0.5
"1"	"KE0211070528"	"G5218"	"q80"	76.834305	6	5	1	10	7	0.83	0.7
"1"	"KE0211070528"	"G5218"	"q90"	111.55885	6	1	5	7	6	0.17	0.86
"1"	"KE0211070528"	"G5218"	"q95"	155.25873	6	1	5	3	2	0.17	0.67
"1"	"KE0211070529"	"G5450"	"q80"	89.9827180000001	6	5	1	11	8	0.83	0.73
"1"	"KE0211070529"	"G5450"	"q90"	132.695474	6	1	5	7	6	0.17	0.86
"1"	"KE0211070529"	"G5450"	"q95"	185.64964	6	1	5	2	1	0.17	0.5
"1"	"KE0211070529"	"G5218"	"q80"	76.834305	6	5	1	10	7	0.83	0.7
"1"	"KE0211070529"	"G5218"	"q90"	111.55885	6	1	5	7	6	0.17	0.86
"1"	"KE0211070529"	"G5218"	"q95"	155.25873	6	1	5	3	2	0.17	0.67
"1"	"KE0211070530"	"G5450"	"q80"	89.9827180000001	6	5	1	11	8	0.83	0.73
"1"	"KE0211070530"	"G5450"	"q90"	132.695474	6	1	5	7	6	0.17	0.86
"1"	"KE0211070530"	"G5450"	"q95"	185.64964	6	1	5	2	1	0.17	0.5
"1"	"KE0211070530"	"G5218"	"q80"	76.834305	6	5	1	10	7	0.83	0.7
"1"	"KE0211070530"	"G5218"	"q90"	111.55885	6	1	5	7	6	0.17	0.86
"1"	"KE0211070530"	"G5218"	"q95"	155.25873	6	1	5	3	2	0.17	0.67
"1"	"KE0211070531"	"G5450"	"q80"	89.9827180000001	6	5	1	11	8	0.83	0.73
"1"	"KE0211070531"	"G5450"	"q90"	132.695474	6	1	5	7	6	0.17	0.86
"1"	"KE0211070531"	"G5450"	"q95"	185.64964	6	1	5	2	1	0.17	0.5
"1"	"KE0211070531"	"G5218"	"q80"	76.834305	6	5	1	10	7	0.83	0.7
"1"	"KE0211070531"	"G5218"	"q90"	111.55885	6	1	5	7	6	0.17	0.86
"1"	"KE0211070531"	"G5218"	"q95"	155.25873	6	1	5	3	2	0.17	0.67
"1"	"KE0211070532"	"G5450"	"q80"	89.9827180000001	6	5	1	11	8	0.83	0.73
"1"	"KE0211070532"	"G5450"	"q90"	132.695474	6	1	5	7	6	0.17	0.86
"1"	"KE0211070532"	"G5450"	"q95"	185.64964	6	1	5	2	1	0.17	0.5
"1"	"KE0211070532"	"G5218"	"q80"	76.834305	6	5	1	10	7	0.83	0.7
"1"	"KE0211070532"	"G5218"	"q90"	111.55885	6	1	5	7	6	0.17	0.86
"1"	"KE0211070532"	"G5218"	"q95"	155.25873	6	1	5	3	2	0.17	0.67
"1"	"KE0231240617"	"G5170"	"q80"	824.9675	8	4	4	8	5	0.5	0.62
"1"	"KE0231240617"	"KEGVS7"	"q50"	197.35773	8	7	1	8	2	0.88	0.25
"1"	"KE0231240617"	"KEGVS4"	"q80"	19.927456	8	6	2	9	4	0.75	0.44
"1"	"KE0231240617"	"KEGVS4"	"q90"	38.639142	8	6	2	9	4	0.75	0.44
"1"	"KE0231240617"	"KEGVS4"	"q95"	58.90867	8	3	5	6	4	0.38	0.67
"1"	"KE0231240617"	"KEGVS4"	"rl2"	136.27734375	8	1	7	1	0	0.12	0
"1"	"KE0231240617"	"KEGVS8"	"q80"	4.5459075	8	5	3	9	5	0.62	0.56
"1"	"KE0231240617"	"KEGVS8"	"q90"	17.597103	8	2	6	8	6	0.25	0.75
"1"	"KE0231240617"	"KEGVS8"	"q95"	38.8504753999999	8	1	7	6	5	0.12	0.83
"1"	"KE0231240617"	"KEGVS8"	"rl2"	65.2111968994141	8	1	7	4	3	0.12	0.75
"1"	"KE0231240617"	"KEGVS5"	"q50"	85.21408	8	7	1	8	2	0.88	0.25
"1"	"KE0231240618"	"G5170"	"q80"	824.9675	8	4	4	8	5	0.5	0.62
"1"	"KE0231240618"	"KEGVS7"	"q50"	197.35773	8	7	1	8	2	0.88	0.25
"1"	"KE0231240618"	"KEGVS4"	"q80"	19.927456	8	6	2	9	4	0.75	0.44
"1"	"KE0231240618"	"KEGVS4"	"q90"	38.639142	8	6	2	9	4	0.75	0.44
"1"	"KE0231240618"	"KEGVS4"	"q95"	58.90867	8	3	5	6	4	0.38	0.67
"1"	"KE0231240618"	"KEGVS4"	"rl2"	136.27734375	8	1	7	1	0	0.12	0
"1"	"KE0231240618"	"KEGVS8"	"q80"	4.5459075	8	5	3	9	5	0.62	0.56
"1"	"KE0231240618"	"KEGVS8"	"q90"	17.597103	8	2	6	8	6	0.25	0.75
"1"	"KE0231240618"	"KEGVS8"	"q95"	38.8504753999999	8	1	7	6	5	0.12	0.83
"1"	"KE0231240618"	"KEGVS8"	"rl2"	65.2111968994141	8	1	7	4	3	0.12	0.75
"1"	"KE0231240618"	"KEGVS5"	"q50"	85.21408	8	7	1	8	2	0.88	0.25
"1"	"KE0231240619"	"G5170"	"q80"	824.9675	8	4	4	8	5	0.5	0.62
"1"	"KE0231240619"	"KEGVS7"	"q50"	197.35773	8	7	1	8	2	0.88	0.25
"1"	"KE0231240619"	"KEGVS4"	"q80"	19.927456	8	6	2	9	4	0.75	0.44
"1"	"KE0231240619"	"KEGVS4"	"q90"	38.639142	8	6	2	9	4	0.75	0.44
"1"	"KE0231240619"	"KEGVS4"	"q95"	58.90867	8	3	5	6	4	0.38	0.67
"1"	"KE0231240619"	"KEGVS4"	"rl2"	136.27734375	8	1	7	1	0	0.12	0
"1"	"KE0231240619"	"KEGVS8"	"q80"	4.5459075	8	5	3	9	5	0.62	0.56
"1"	"KE0231240619"	"KEGVS8"	"q90"	17.597103	8	2	6	8	6	0.25	0.75
"1"	"KE0231240619"	"KEGVS8"	"q95"	38.8504753999999	8	1	7	6	5	0.12	0.83
"1"	"KE0231240619"	"KEGVS8"	"rl2"	65.2111968994141	8	1	7	4	3	0.12	0.75
"1"	"KE0231240619"	"KEGVS5"	"q50"	85.21408	8	7	1	8	2	0.88	0.25
"1"	"KE0231240620"	"G5170"	"q80"	824.9675	8	4	4	8	5	0.5	0.62
"1"	"KE0231240620"	"KEGVS7"	"q50"	197.35773	8	7	1	8	2	0.88	0.25
"1"	"KE0231240620"	"KEGVS4"	"q80"	19.927456	8	6	2	9	4	0.75	0.44
"1"	"KE0231240620"	"KEGVS4"	"q90"	38.639142	8	6	2	9	4	0.75	0.44
"1"	"KE0231240620"	"KEGVS4"	"q95"	58.90867	8	3	5	6	4	0.38	0.67
"1"	"KE0231240620"	"KEGVS4"	"rl2"	136.27734375	8	1	7	1	0	0.12	0
"1"	"KE0231240620"	"KEGVS8"	"q80"	4.5459075	8	5	3	9	5	0.62	0.56
"1"	"KE0231240620"	"KEGVS8"	"q90"	17.597103	8	2	6	8	6	0.25	0.75
"1"	"KE0231240620"	"KEGVS8"	"q95"	38.8504753999999	8	1	7	6	5	0.12	0.83
"1"	"KE0231240620"	"KEGVS8"	"rl2"	65.2111968994141	8	1	7	4	3	0.12	0.75
"1"	"KE0231240620"	"KEGVS5"	"q50"	85.21408	8	7	1	8	2	0.88	0.25
"1"	"KE0231240621"	"G5170"	"q80"	824.9675	8	4	4	8	5	0.5	0.62
"1"	"KE0231240621"	"KEGVS7"	"q50"	197.35773	8	7	1	8	2	0.88	0.25
"1"	"KE0231240621"	"KEGVS4"	"q80"	19.927456	8	6	2	9	4	0.75	0.44
"1"	"KE0231240621"	"KEGVS4"	"q90"	38.639142	8	6	2	9	4	0.75	0.44
"1"	"KE0231240621"	"KEGVS4"	"q95"	58.90867	8	3	5	6	4	0.38	0.67
"1"	"KE0231240621"	"KEGVS4"	"rl2"	136.27734375	8	1	7	1	0	0.12	0
"1"	"KE0231240621"	"KEGVS8"	"q80"	4.5459075	8	5	3	9	5	0.62	0.56
"1"	"KE0231240621"	"KEGVS8"	"q90"	17.597103	8	2	6	8	6	0.25	0.75
"1"	"KE0231240621"	"KEGVS8"	"q95"	38.8504753999999	8	1	7	6	5	0.12	0.83
"1"	"KE0231240621"	"KEGVS8"	"rl2"	65.2111968994141	8	1	7	4	3	0.12	0.75
"1"	"KE0231240621"	"KEGVS5"	"q50"	85.21408	8	7	1	8	2	0.88	0.25
"1"	"KE0231240622"	"G5170"	"q80"	824.9675	8	4	4	8	5	0.5	0.62
"1"	"KE0231240622"	"KEGVS7"	"q50"	197.35773	8	7	1	8	2	0.88	0.25
"1"	"KE0231240622"	"KEGVS4"	"q80"	19.927456	8	6	2	9	4	0.75	0.44
"1"	"KE0231240622"	"KEGVS4"	"q90"	38.639142	8	6	2	9	4	0.75	0.44
"1"	"KE0231240622"	"KEGVS4"	"q95"	58.90867	8	3	5	6	4	0.38	0.67
"1"	"KE0231240622"	"KEGVS4"	"rl2"	136.27734375	8	1	7	1	0	0.12	0
"1"	"KE0231240622"	"KEGVS8"	"q80"	4.5459075	8	5	3	9	5	0.62	0.56
"1"	"KE0231240622"	"KEGVS8"	"q90"	17.597103	8	2	6	8	6	0.25	0.75
"1"	"KE0231240622"	"KEGVS8"	"q95"	38.8504753999999	8	1	7	6	5	0.12	0.83
"1"	"KE0231240622"	"KEGVS8"	"rl2"	65.2111968994141	8	1	7	4	3	0.12	0.75
"1"	"KE0231240622"	"KEGVS5"	"q50"	85.21408	8	7	1	8	2	0.88	0.25
"1"	"KE0231240623"	"G5170"	"q80"	824.9675	8	4	4	8	5	0.5	0.62
"1"	"KE0231240623"	"KEGVS7"	"q50"	197.35773	8	7	1	8	2	0.88	0.25
"1"	"KE0231240623"	"KEGVS4"	"q80"	19.927456	8	6	2	9	4	0.75	0.44
"1"	"KE0231240623"	"KEGVS4"	"q90"	38.639142	8	6	2	9	4	0.75	0.44
"1"	"KE0231240623"	"KEGVS4"	"q95"	58.90867	8	3	5	6	4	0.38	0.67
"1"	"KE0231240623"	"KEGVS4"	"rl2"	136.27734375	8	1	7	1	0	0.12	0
"1"	"KE0231240623"	"KEGVS8"	"q80"	4.5459075	8	5	3	9	5	0.62	0.56
"1"	"KE0231240623"	"KEGVS8"	"q90"	17.597103	8	2	6	8	6	0.25	0.75
"1"	"KE0231240623"	"KEGVS8"	"q95"	38.8504753999999	8	1	7	6	5	0.12	0.83
"1"	"KE0231240623"	"KEGVS8"	"rl2"	65.2111968994141	8	1	7	4	3	0.12	0.75
"1"	"KE0231240623"	"KEGVS5"	"q50"	85.21408	8	7	1	8	2	0.88	0.25
"1"	"KE0231250624"	"G5170"	"q80"	824.9675	13	6	7	14	10	0.46	0.71
"1"	"KE0231250624"	"KEGVS4"	"q50"	4.144618	13	12	1	11	5	0.92	0.45
"1"	"KE0231250624"	"KEGVS4"	"q80"	19.927456	13	11	2	16	10	0.85	0.62
"1"	"KE0231250624"	"KEGVS4"	"q90"	38.639142	13	9	4	15	11	0.69	0.73
"1"	"KE0231250624"	"KEGVS4"	"q95"	58.90867	13	8	5	10	6	0.62	0.6
"1"	"KE0231250624"	"KEGVS4"	"rl2"	136.27734375	13	1	12	2	1	0.08	0.5
"1"	"KE0231250624"	"KEGVS8"	"q50"	0.0004987477	13	12	1	8	1	0.92	0.12
"1"	"KE0231250624"	"KEGVS8"	"q80"	4.5459075	13	6	7	19	15	0.46	0.79
"1"	"KE0231250624"	"KEGVS8"	"q90"	17.597103	13	4	9	14	12	0.31	0.86
"1"	"KE0231250625"	"G5170"	"q80"	824.9675	13	6	7	14	10	0.46	0.71
"1"	"KE0231250625"	"KEGVS4"	"q50"	4.144618	13	12	1	11	5	0.92	0.45
"1"	"KE0231250625"	"KEGVS4"	"q80"	19.927456	13	11	2	16	10	0.85	0.62
"1"	"KE0231250625"	"KEGVS4"	"q90"	38.639142	13	9	4	15	11	0.69	0.73
"1"	"KE0231250625"	"KEGVS4"	"q95"	58.90867	13	8	5	10	6	0.62	0.6
"1"	"KE0231250625"	"KEGVS4"	"rl2"	136.27734375	13	1	12	2	1	0.08	0.5
"1"	"KE0231250625"	"KEGVS8"	"q50"	0.0004987477	13	12	1	8	1	0.92	0.12
"1"	"KE0231250625"	"KEGVS8"	"q80"	4.5459075	13	6	7	19	15	0.46	0.79
"1"	"KE0231250625"	"KEGVS8"	"q90"	17.597103	13	4	9	14	12	0.31	0.86
"1"	"KE0231250626"	"G5170"	"q80"	824.9675	13	6	7	14	10	0.46	0.71
"1"	"KE0231250626"	"KEGVS4"	"q50"	4.144618	13	12	1	11	5	0.92	0.45
"1"	"KE0231250626"	"KEGVS4"	"q80"	19.927456	13	11	2	16	10	0.85	0.62
"1"	"KE0231250626"	"KEGVS4"	"q90"	38.639142	13	9	4	15	11	0.69	0.73
"1"	"KE0231250626"	"KEGVS4"	"q95"	58.90867	13	8	5	10	6	0.62	0.6
"1"	"KE0231250626"	"KEGVS4"	"rl2"	136.27734375	13	1	12	2	1	0.08	0.5
"1"	"KE0231250626"	"KEGVS8"	"q50"	0.0004987477	13	12	1	8	1	0.92	0.12
"1"	"KE0231250626"	"KEGVS8"	"q80"	4.5459075	13	6	7	19	15	0.46	0.79
"1"	"KE0231250626"	"KEGVS8"	"q90"	17.597103	13	4	9	14	12	0.31	0.86
"1"	"KE0231250627"	"G5170"	"q80"	824.9675	13	6	7	14	10	0.46	0.71
"1"	"KE0231250627"	"KEGVS4"	"q50"	4.144618	13	12	1	11	5	0.92	0.45
"1"	"KE0231250627"	"KEGVS4"	"q80"	19.927456	13	11	2	16	10	0.85	0.62
"1"	"KE0231250627"	"KEGVS4"	"q90"	38.639142	13	9	4	15	11	0.69	0.73
"1"	"KE0231250627"	"KEGVS4"	"q95"	58.90867	13	8	5	10	6	0.62	0.6
"1"	"KE0231250627"	"KEGVS4"	"rl2"	136.27734375	13	1	12	2	1	0.08	0.5
"1"	"KE0231250627"	"KEGVS8"	"q50"	0.0004987477	13	12	1	8	1	0.92	0.12
"1"	"KE0231250627"	"KEGVS8"	"q80"	4.5459075	13	6	7	19	15	0.46	0.79
"1"	"KE0231250627"	"KEGVS8"	"q90"	17.597103	13	4	9	14	12	0.31	0.86
"1"	"KE0231250628"	"G5170"	"q80"	824.9675	13	6	7	14	10	0.46	0.71
"1"	"KE0231250628"	"KEGVS4"	"q50"	4.144618	13	12	1	11	5	0.92	0.45
"1"	"KE0231250628"	"KEGVS4"	"q80"	19.927456	13	11	2	16	10	0.85	0.62
"1"	"KE0231250628"	"KEGVS4"	"q90"	38.639142	13	9	4	15	11	0.69	0.73
"1"	"KE0231250628"	"KEGVS4"	"q95"	58.90867	13	8	5	10	6	0.62	0.6
"1"	"KE0231250628"	"KEGVS4"	"rl2"	136.27734375	13	1	12	2	1	0.08	0.5
"1"	"KE0231250628"	"KEGVS8"	"q50"	0.0004987477	13	12	1	8	1	0.92	0.12
"1"	"KE0231250628"	"KEGVS8"	"q80"	4.5459075	13	6	7	19	15	0.46	0.79
"1"	"KE0231250628"	"KEGVS8"	"q90"	17.597103	13	4	9	14	12	0.31	0.86
"1"	"KE0231260629"	"KEGVS7"	"q50"	197.35773	2	1	1	1	0	0.5	0
"1"	"KE0231260629"	"KEGVS4"	"q80"	19.927456	2	1	1	1	0	0.5	0
"1"	"KE0231260629"	"KEGVS4"	"q90"	38.639142	2	1	1	1	0	0.5	0
"1"	"KE0231260629"	"KEGVS8"	"q80"	4.5459075	2	1	1	1	0	0.5	0
"1"	"KE0231260629"	"KEGVS5"	"q50"	85.21408	2	1	1	1	0	0.5	0
"1"	"KE0231260629"	"KEGVS6"	"q50"	83.42965	2	1	1	1	0	0.5	0
"1"	"KE0231260630"	"KEGVS7"	"q50"	197.35773	2	1	1	1	0	0.5	0
"1"	"KE0231260630"	"KEGVS4"	"q80"	19.927456	2	1	1	1	0	0.5	0
"1"	"KE0231260630"	"KEGVS4"	"q90"	38.639142	2	1	1	1	0	0.5	0
"1"	"KE0231260630"	"KEGVS8"	"q80"	4.5459075	2	1	1	1	0	0.5	0
"1"	"KE0231260630"	"KEGVS5"	"q50"	85.21408	2	1	1	1	0	0.5	0
"1"	"KE0231260630"	"KEGVS6"	"q50"	83.42965	2	1	1	1	0	0.5	0
"1"	"KE0231260631"	"KEGVS7"	"q50"	197.35773	2	1	1	1	0	0.5	0
"1"	"KE0231260631"	"KEGVS4"	"q80"	19.927456	2	1	1	1	0	0.5	0
"1"	"KE0231260631"	"KEGVS4"	"q90"	38.639142	2	1	1	1	0	0.5	0
"1"	"KE0231260631"	"KEGVS8"	"q80"	4.5459075	2	1	1	1	0	0.5	0
"1"	"KE0231260631"	"KEGVS5"	"q50"	85.21408	2	1	1	1	0	0.5	0
"1"	"KE0231260631"	"KEGVS6"	"q50"	83.42965	2	1	1	1	0	0.5	0
"1"	"KE0231260632"	"KEGVS7"	"q50"	197.35773	2	1	1	1	0	0.5	0
"1"	"KE0231260632"	"KEGVS4"	"q80"	19.927456	2	1	1	1	0	0.5	0
"1"	"KE0231260632"	"KEGVS4"	"q90"	38.639142	2	1	1	1	0	0.5	0
"1"	"KE0231260632"	"KEGVS8"	"q80"	4.5459075	2	1	1	1	0	0.5	0
"1"	"KE0231260632"	"KEGVS5"	"q50"	85.21408	2	1	1	1	0	0.5	0
"1"	"KE0231260632"	"KEGVS6"	"q50"	83.42965	2	1	1	1	0	0.5	0
"1"	"KE0231270633"	"G5170"	"q80"	824.9675	7	3	4	12	9	0.43	0.75
"1"	"KE0231270633"	"KEGVS4"	"q90"	38.639142	7	4	3	12	8	0.57	0.67
"1"	"KE0231270633"	"KEGVS4"	"q95"	58.90867	7	2	5	7	5	0.29	0.71
"1"	"KE0231270633"	"KEGVS8"	"q90"	17.597103	7	3	4	11	8	0.43	0.73
"1"	"KE0231270633"	"KEGVS8"	"q95"	38.8504753999999	7	1	6	7	6	0.14	0.86
"1"	"KE0231270633"	"KEGVS8"	"rl2"	65.2111968994141	7	1	6	5	4	0.14	0.8
"1"	"KE0231270633"	"KEGVS8"	"rl5"	140.268203735352	7	1	6	3	2	0.14	0.67
"1"	"KE0231270634"	"G5170"	"q80"	824.9675	7	3	4	12	9	0.43	0.75
"1"	"KE0231270634"	"KEGVS4"	"q90"	38.639142	7	4	3	12	8	0.57	0.67
"1"	"KE0231270634"	"KEGVS4"	"q95"	58.90867	7	2	5	7	5	0.29	0.71
"1"	"KE0231270634"	"KEGVS8"	"q90"	17.597103	7	3	4	11	8	0.43	0.73
"1"	"KE0231270634"	"KEGVS8"	"q95"	38.8504753999999	7	1	6	7	6	0.14	0.86
"1"	"KE0231270634"	"KEGVS8"	"rl2"	65.2111968994141	7	1	6	5	4	0.14	0.8
"1"	"KE0231270634"	"KEGVS8"	"rl5"	140.268203735352	7	1	6	3	2	0.14	0.67
"1"	"KE0231270635"	"G5170"	"q80"	824.9675	7	3	4	12	9	0.43	0.75
"1"	"KE0231270635"	"KEGVS4"	"q90"	38.639142	7	4	3	12	8	0.57	0.67
"1"	"KE0231270635"	"KEGVS4"	"q95"	58.90867	7	2	5	7	5	0.29	0.71
"1"	"KE0231270635"	"KEGVS8"	"q90"	17.597103	7	3	4	11	8	0.43	0.73
"1"	"KE0231270635"	"KEGVS8"	"q95"	38.8504753999999	7	1	6	7	6	0.14	0.86
"1"	"KE0231270635"	"KEGVS8"	"rl2"	65.2111968994141	7	1	6	5	4	0.14	0.8
"1"	"KE0231270635"	"KEGVS8"	"rl5"	140.268203735352	7	1	6	3	2	0.14	0.67
"1"	"KE0231270636"	"G5170"	"q80"	824.9675	7	3	4	12	9	0.43	0.75
"1"	"KE0231270636"	"KEGVS4"	"q90"	38.639142	7	4	3	12	8	0.57	0.67
"1"	"KE0231270636"	"KEGVS4"	"q95"	58.90867	7	2	5	7	5	0.29	0.71
"1"	"KE0231270636"	"KEGVS8"	"q90"	17.597103	7	3	4	11	8	0.43	0.73
"1"	"KE0231270636"	"KEGVS8"	"q95"	38.8504753999999	7	1	6	7	6	0.14	0.86
"1"	"KE0231270636"	"KEGVS8"	"rl2"	65.2111968994141	7	1	6	5	4	0.14	0.8
"1"	"KE0231270636"	"KEGVS8"	"rl5"	140.268203735352	7	1	6	3	2	0.14	0.67
"1"	"KE0231270637"	"G5170"	"q80"	824.9675	7	3	4	12	9	0.43	0.75
"1"	"KE0231270637"	"KEGVS4"	"q90"	38.639142	7	4	3	12	8	0.57	0.67
"1"	"KE0231270637"	"KEGVS4"	"q95"	58.90867	7	2	5	7	5	0.29	0.71
"1"	"KE0231270637"	"KEGVS8"	"q90"	17.597103	7	3	4	11	8	0.43	0.73
"1"	"KE0231270637"	"KEGVS8"	"q95"	38.8504753999999	7	1	6	7	6	0.14	0.86
"1"	"KE0231270637"	"KEGVS8"	"rl2"	65.2111968994141	7	1	6	5	4	0.14	0.8
"1"	"KE0231270637"	"KEGVS8"	"rl5"	140.268203735352	7	1	6	3	2	0.14	0.67
"1"	"KE0251330661"	"KEGVS3"	"q80"	22.020576	5	4	1	19	16	0.8	0.84
"1"	"KE0251330661"	"KEGVS3"	"q90"	42.0967586	5	2	3	16	14	0.4	0.88
"1"	"KE0251330661"	"KEGVS3"	"q95"	71.68488	5	2	3	14	12	0.4	0.86
"1"	"KE0251330661"	"KEGVS3"	"rl2"	164.218231201172	5	1	4	1	0	0.2	0
"1"	"KE0251330662"	"KEGVS3"	"q80"	22.020576	5	4	1	19	16	0.8	0.84
"1"	"KE0251330662"	"KEGVS3"	"q90"	42.0967586	5	2	3	16	14	0.4	0.88
"1"	"KE0251330662"	"KEGVS3"	"q95"	71.68488	5	2	3	14	12	0.4	0.86
"1"	"KE0251330662"	"KEGVS3"	"rl2"	164.218231201172	5	1	4	1	0	0.2	0
"1"	"KE0251330663"	"KEGVS3"	"q80"	22.020576	5	4	1	19	16	0.8	0.84
"1"	"KE0251330663"	"KEGVS3"	"q90"	42.0967586	5	2	3	16	14	0.4	0.88
"1"	"KE0251330663"	"KEGVS3"	"q95"	71.68488	5	2	3	14	12	0.4	0.86
"1"	"KE0251330663"	"KEGVS3"	"rl2"	164.218231201172	5	1	4	1	0	0.2	0
"1"	"KE0251330664"	"KEGVS3"	"q80"	22.020576	5	4	1	19	16	0.8	0.84
"1"	"KE0251330664"	"KEGVS3"	"q90"	42.0967586	5	2	3	16	14	0.4	0.88
"1"	"KE0251330664"	"KEGVS3"	"q95"	71.68488	5	2	3	14	12	0.4	0.86
"1"	"KE0251330664"	"KEGVS3"	"rl2"	164.218231201172	5	1	4	1	0	0.2	0
"1"	"KE0251330665"	"KEGVS3"	"q80"	22.020576	5	4	1	19	16	0.8	0.84
"1"	"KE0251330665"	"KEGVS3"	"q90"	42.0967586	5	2	3	16	14	0.4	0.88
"1"	"KE0251330665"	"KEGVS3"	"q95"	71.68488	5	2	3	14	12	0.4	0.86
"1"	"KE0251330665"	"KEGVS3"	"rl2"	164.218231201172	5	1	4	1	0	0.2	0
"1"	"KE0301600798"	"G5092"	"q50"	19.382015	15	13	2	17	9	0.87	0.53
"1"	"KE0301600798"	"G5092"	"q80"	55.57047	15	11	4	22	13	0.73	0.59
"1"	"KE0301600798"	"G5092"	"q90"	85.14215	15	6	9	14	10	0.4	0.71
"1"	"KE0301600798"	"G5092"	"q95"	127.74771	15	1	14	4	3	0.07	0.75
"1"	"KE0301600798"	"KEGVS4"	"q50"	4.144618	15	14	1	15	6	0.93	0.4
"1"	"KE0301600798"	"KEGVS4"	"q80"	19.927456	15	12	3	22	13	0.8	0.59
"1"	"KE0301600798"	"KEGVS4"	"q90"	38.639142	15	11	4	19	11	0.73	0.58
"1"	"KE0301600798"	"KEGVS4"	"q95"	58.90867	15	7	8	13	8	0.47	0.62
"1"	"KE0301600798"	"KEGVS4"	"rl2"	136.27734375	15	2	13	3	1	0.13	0.33
"1"	"KE0301600799"	"G5092"	"q50"	19.382015	15	13	2	17	9	0.87	0.53
"1"	"KE0301600799"	"G5092"	"q80"	55.57047	15	11	4	22	13	0.73	0.59
"1"	"KE0301600799"	"G5092"	"q90"	85.14215	15	6	9	14	10	0.4	0.71
"1"	"KE0301600799"	"G5092"	"q95"	127.74771	15	1	14	4	3	0.07	0.75
"1"	"KE0301600799"	"KEGVS4"	"q50"	4.144618	15	14	1	15	6	0.93	0.4
"1"	"KE0301600799"	"KEGVS4"	"q80"	19.927456	15	12	3	22	13	0.8	0.59
"1"	"KE0301600799"	"KEGVS4"	"q90"	38.639142	15	11	4	19	11	0.73	0.58
"1"	"KE0301600799"	"KEGVS4"	"q95"	58.90867	15	7	8	13	8	0.47	0.62
"1"	"KE0301600799"	"KEGVS4"	"rl2"	136.27734375	15	2	13	3	1	0.13	0.33
"1"	"KE0301600800"	"G5092"	"q50"	19.382015	15	13	2	17	9	0.87	0.53
"1"	"KE0301600800"	"G5092"	"q80"	55.57047	15	11	4	22	13	0.73	0.59
"1"	"KE0301600800"	"G5092"	"q90"	85.14215	15	6	9	14	10	0.4	0.71
"1"	"KE0301600800"	"G5092"	"q95"	127.74771	15	1	14	4	3	0.07	0.75
"1"	"KE0301600800"	"KEGVS4"	"q50"	4.144618	15	14	1	15	6	0.93	0.4
"1"	"KE0301600800"	"KEGVS4"	"q80"	19.927456	15	12	3	22	13	0.8	0.59
"1"	"KE0301600800"	"KEGVS4"	"q90"	38.639142	15	11	4	19	11	0.73	0.58
"1"	"KE0301600800"	"KEGVS4"	"q95"	58.90867	15	7	8	13	8	0.47	0.62
"1"	"KE0301600800"	"KEGVS4"	"rl2"	136.27734375	15	2	13	3	1	0.13	0.33
"1"	"KE0301600801"	"G5092"	"q50"	19.382015	15	13	2	17	9	0.87	0.53
"1"	"KE0301600801"	"G5092"	"q80"	55.57047	15	11	4	22	13	0.73	0.59
"1"	"KE0301600801"	"G5092"	"q90"	85.14215	15	6	9	14	10	0.4	0.71
"1"	"KE0301600801"	"G5092"	"q95"	127.74771	15	1	14	4	3	0.07	0.75
"1"	"KE0301600801"	"KEGVS4"	"q50"	4.144618	15	14	1	15	6	0.93	0.4
"1"	"KE0301600801"	"KEGVS4"	"q80"	19.927456	15	12	3	22	13	0.8	0.59
"1"	"KE0301600801"	"KEGVS4"	"q90"	38.639142	15	11	4	19	11	0.73	0.58
"1"	"KE0301600801"	"KEGVS4"	"q95"	58.90867	15	7	8	13	8	0.47	0.62
"1"	"KE0301600801"	"KEGVS4"	"rl2"	136.27734375	15	2	13	3	1	0.13	0.33
"1"	"KE0301610802"	"G5092"	"q80"	55.57047	3	1	2	8	7	0.33	0.88
"1"	"KE0301610802"	"KEGVS4"	"q80"	19.927456	3	1	2	9	8	0.33	0.89
"1"	"KE0301610803"	"G5092"	"q80"	55.57047	3	1	2	8	7	0.33	0.88
"1"	"KE0301610803"	"KEGVS4"	"q80"	19.927456	3	1	2	9	8	0.33	0.89
"1"	"KE0301610804"	"G5092"	"q80"	55.57047	3	1	2	8	7	0.33	0.88
"1"	"KE0301610804"	"KEGVS4"	"q80"	19.927456	3	1	2	9	8	0.33	0.89
"1"	"KE0331790891"	"G5147"	"q80"	51.602074	21	17	4	15	10	0.81	0.67
"1"	"KE0331790891"	"G5147"	"q90"	99.8803859999999	21	15	6	14	10	0.71	0.71
"1"	"KE0331790891"	"G5147"	"q95"	164.37596	21	4	17	1	0	0.19	0
"1"	"KE0331790891"	"KEGVS17"	"q80"	51.80439	21	17	4	17	12	0.81	0.71
"1"	"KE0331790891"	"KEGVS17"	"q90"	97.568246	21	15	6	12	8	0.71	0.67
"1"	"KE0331790891"	"KEGVS17"	"q95"	158.26082	21	4	17	1	0	0.19	0
"1"	"KE0331790892"	"G5147"	"q80"	51.602074	21	17	4	15	10	0.81	0.67
"1"	"KE0331790892"	"G5147"	"q90"	99.8803859999999	21	15	6	14	10	0.71	0.71
"1"	"KE0331790892"	"G5147"	"q95"	164.37596	21	4	17	1	0	0.19	0
"1"	"KE0331790892"	"KEGVS17"	"q80"	51.80439	21	17	4	17	12	0.81	0.71
"1"	"KE0331790892"	"KEGVS17"	"q90"	97.568246	21	15	6	12	8	0.71	0.67
"1"	"KE0331790892"	"KEGVS17"	"q95"	158.26082	21	4	17	1	0	0.19	0
"1"	"KE0331790893"	"G5147"	"q80"	51.602074	21	17	4	15	10	0.81	0.67
"1"	"KE0331790893"	"G5147"	"q90"	99.8803859999999	21	15	6	14	10	0.71	0.71
"1"	"KE0331790893"	"G5147"	"q95"	164.37596	21	4	17	1	0	0.19	0
"1"	"KE0331790893"	"KEGVS17"	"q80"	51.80439	21	17	4	17	12	0.81	0.71
"1"	"KE0331790893"	"KEGVS17"	"q90"	97.568246	21	15	6	12	8	0.71	0.67
"1"	"KE0331790893"	"KEGVS17"	"q95"	158.26082	21	4	17	1	0	0.19	0
"1"	"KE0331790894"	"G5147"	"q80"	51.602074	21	17	4	15	10	0.81	0.67
"1"	"KE0331790894"	"G5147"	"q90"	99.8803859999999	21	15	6	14	10	0.71	0.71
"1"	"KE0331790894"	"G5147"	"q95"	164.37596	21	4	17	1	0	0.19	0
"1"	"KE0331790894"	"KEGVS17"	"q80"	51.80439	21	17	4	17	12	0.81	0.71
"1"	"KE0331790894"	"KEGVS17"	"q90"	97.568246	21	15	6	12	8	0.71	0.67
"1"	"KE0331790894"	"KEGVS17"	"q95"	158.26082	21	4	17	1	0	0.19	0
"1"	"KE0331790895"	"G5147"	"q80"	51.602074	21	17	4	15	10	0.81	0.67
"1"	"KE0331790895"	"G5147"	"q90"	99.8803859999999	21	15	6	14	10	0.71	0.71
"1"	"KE0331790895"	"G5147"	"q95"	164.37596	21	4	17	1	0	0.19	0
"1"	"KE0331790895"	"KEGVS17"	"q80"	51.80439	21	17	4	17	12	0.81	0.71
"1"	"KE0331790895"	"KEGVS17"	"q90"	97.568246	21	15	6	12	8	0.71	0.67
"1"	"KE0331790895"	"KEGVS17"	"q95"	158.26082	21	4	17	1	0	0.19	0
"1"	"KE0331790896"	"G5147"	"q80"	51.602074	21	17	4	15	10	0.81	0.67
"1"	"KE0331790896"	"G5147"	"q90"	99.8803859999999	21	15	6	14	10	0.71	0.71
"1"	"KE0331790896"	"G5147"	"q95"	164.37596	21	4	17	1	0	0.19	0
"1"	"KE0331790896"	"KEGVS17"	"q80"	51.80439	21	17	4	17	12	0.81	0.71
"1"	"KE0331790896"	"KEGVS17"	"q90"	97.568246	21	15	6	12	8	0.71	0.67
"1"	"KE0331790896"	"KEGVS17"	"q95"	158.26082	21	4	17	1	0	0.19	0
"1"	"KE0331800897"	"G5147"	"q80"	51.602074	5	4	1	14	10	0.8	0.71
"1"	"KE0331800897"	"G5147"	"q90"	99.8803859999999	5	1	4	13	12	0.2	0.92
"1"	"KE0331800897"	"KEGVS17"	"q80"	51.80439	5	4	1	16	12	0.8	0.75
"1"	"KE0331800897"	"KEGVS17"	"q90"	97.568246	5	1	4	10	9	0.2	0.9
"1"	"KE0331800898"	"G5147"	"q80"	51.602074	5	4	1	14	10	0.8	0.71
"1"	"KE0331800898"	"G5147"	"q90"	99.8803859999999	5	1	4	13	12	0.2	0.92
"1"	"KE0331800898"	"KEGVS17"	"q80"	51.80439	5	4	1	16	12	0.8	0.75
"1"	"KE0331800898"	"KEGVS17"	"q90"	97.568246	5	1	4	10	9	0.2	0.9
"1"	"KE0331800899"	"G5147"	"q80"	51.602074	5	4	1	14	10	0.8	0.71
"1"	"KE0331800899"	"G5147"	"q90"	99.8803859999999	5	1	4	13	12	0.2	0.92
"1"	"KE0331800899"	"KEGVS17"	"q80"	51.80439	5	4	1	16	12	0.8	0.75
"1"	"KE0331800899"	"KEGVS17"	"q90"	97.568246	5	1	4	10	9	0.2	0.9
"1"	"KE0331800900"	"G5147"	"q80"	51.602074	5	4	1	14	10	0.8	0.71
"1"	"KE0331800900"	"G5147"	"q90"	99.8803859999999	5	1	4	13	12	0.2	0.92
"1"	"KE0331800900"	"KEGVS17"	"q80"	51.80439	5	4	1	16	12	0.8	0.75
"1"	"KE0331800900"	"KEGVS17"	"q90"	97.568246	5	1	4	10	9	0.2	0.9
"1"	"KE0372051024"	"KEGVS20"	"q80"	470.876008	2	1	1	11	10	0.5	0.91
"1"	"KE0372051025"	"KEGVS20"	"q80"	470.876008	2	1	1	11	10	0.5	0.91
"1"	"KE0372051026"	"KEGVS20"	"q80"	470.876008	2	1	1	11	10	0.5	0.91
"1"	"KE0372061027"	"KEGVS20"	"q90"	656.92834	3	1	2	3	2	0.33	0.67
"1"	"KE0372061027"	"KEGVS20"	"q95"	866.05788	3	1	2	1	0	0.33	0
"1"	"KE0372061028"	"KEGVS20"	"q90"	656.92834	3	1	2	3	2	0.33	0.67
"1"	"KE0372061028"	"KEGVS20"	"q95"	866.05788	3	1	2	1	0	0.33	0
"1"	"KE0372061029"	"KEGVS20"	"q90"	656.92834	3	1	2	3	2	0.33	0.67
"1"	"KE0372061029"	"KEGVS20"	"q95"	866.05788	3	1	2	1	0	0.33	0
"1"	"KE0372061030"	"KEGVS20"	"q90"	656.92834	3	1	2	3	2	0.33	0.67
"1"	"KE0372061030"	"KEGVS20"	"q95"	866.05788	3	1	2	1	0	0.33	0
"1"	"KE0372061031"	"KEGVS20"	"q90"	656.92834	3	1	2	3	2	0.33	0.67
"1"	"KE0372061031"	"KEGVS20"	"q95"	866.05788	3	1	2	1	0	0.33	0
"1"	"KE0392191089"	"KEGVS20"	"q80"	470.876008	2	1	1	3	2	0.5	0.67
"1"	"KE0392191090"	"KEGVS20"	"q80"	470.876008	2	1	1	3	2	0.5	0.67
"1"	"KE0392191091"	"KEGVS20"	"q80"	470.876008	2	1	1	3	2	0.5	0.67
"1"	"KE0392191092"	"KEGVS20"	"q80"	470.876008	2	1	1	3	2	0.5	0.67
"1"	"KE0392191093"	"KEGVS20"	"q80"	470.876008	2	1	1	3	2	0.5	0.67
"1"	"KE0392191094"	"KEGVS20"	"q80"	470.876008	2	1	1	3	2	0.5	0.67
"1"	"KE0392191095"	"KEGVS20"	"q80"	470.876008	2	1	1	3	2	0.5	0.67
"1"	"KE0412321156"	"G5179"	"rl2"	415.973297119141	2	1	1	1	0	0.5	0
"1"	"KE0412321157"	"G5179"	"rl2"	415.973297119141	2	1	1	1	0	0.5	0
"1"	"KE0412321158"	"G5179"	"rl2"	415.973297119141	2	1	1	1	0	0.5	0
"1"	"KE0412321159"	"G5179"	"rl2"	415.973297119141	2	1	1	1	0	0.5	0
"1"	"KE0412341163"	"G5179"	"rl2"	415.973297119141	7	2	5	2	0	0.29	0
"1"	"KE0412341164"	"G5179"	"rl2"	415.973297119141	7	2	5	2	0	0.29	0
"1"	"KE0412341165"	"G5179"	"rl2"	415.973297119141	7	2	5	2	0	0.29	0
"1"	"KE0412341166"	"G5179"	"rl2"	415.973297119141	7	2	5	2	0	0.29	0
"1"	"KE0412341167"	"G5179"	"rl2"	415.973297119141	7	2	5	2	0	0.29	0
"1"	"KE0412341168"	"G5179"	"rl2"	415.973297119141	7	2	5	2	0	0.29	0
